-- MySQL dump 10.13  Distrib 5.6.12, for Win64 (x86_64)
--
-- Host: localhost    Database: thinkinfo
-- ------------------------------------------------------
-- Server version	5.6.12-log

/*!40101 SET @OLD_CHARACTER_SET_CLIENT=@@CHARACTER_SET_CLIENT */;
/*!40101 SET @OLD_CHARACTER_SET_RESULTS=@@CHARACTER_SET_RESULTS */;
/*!40101 SET @OLD_COLLATION_CONNECTION=@@COLLATION_CONNECTION */;
/*!40101 SET NAMES utf8 */;
/*!40103 SET @OLD_TIME_ZONE=@@TIME_ZONE */;
/*!40103 SET TIME_ZONE='+00:00' */;
/*!40014 SET @OLD_UNIQUE_CHECKS=@@UNIQUE_CHECKS, UNIQUE_CHECKS=0 */;
/*!40014 SET @OLD_FOREIGN_KEY_CHECKS=@@FOREIGN_KEY_CHECKS, FOREIGN_KEY_CHECKS=0 */;
/*!40101 SET @OLD_SQL_MODE=@@SQL_MODE, SQL_MODE='NO_AUTO_VALUE_ON_ZERO' */;
/*!40111 SET @OLD_SQL_NOTES=@@SQL_NOTES, SQL_NOTES=0 */;

--
-- Current Database: `thinkinfo`
--

CREATE DATABASE /*!32312 IF NOT EXISTS*/ `thinkinfo` /*!40100 DEFAULT CHARACTER SET utf8 */;

USE `thinkinfo`;

--
-- Table structure for table `admin`
--

DROP TABLE IF EXISTS `admin`;
/*!40101 SET @saved_cs_client     = @@character_set_client */;
/*!40101 SET character_set_client = utf8 */;
CREATE TABLE `admin` (
  `admin_id` tinyint(3) unsigned NOT NULL AUTO_INCREMENT,
  `username` varchar(20) NOT NULL COMMENT '用户名',
  `password` varchar(32) NOT NULL COMMENT '密码',
  `lastloginip` varchar(15) DEFAULT '' COMMENT '最后登录的IP',
  `lastlogintime` int(10) unsigned NOT NULL DEFAULT '0' COMMENT '最后登录的时间',
  `email` varchar(255) NOT NULL COMMENT '邮箱',
  `realname` varchar(30) NOT NULL COMMENT '真名',
  `status` tinyint(4) NOT NULL DEFAULT '1' COMMENT '状态',
  `create_time` int(10) unsigned NOT NULL COMMENT '创建时间',
  `update_time` int(10) unsigned NOT NULL DEFAULT '0' COMMENT '更新时间',
  PRIMARY KEY (`admin_id`),
  KEY `username` (`username`)
) ENGINE=InnoDB AUTO_INCREMENT=6 DEFAULT CHARSET=utf8;
/*!40101 SET character_set_client = @saved_cs_client */;

--
-- Dumping data for table `admin`
--

LOCK TABLES `admin` WRITE;
/*!40000 ALTER TABLE `admin` DISABLE KEYS */;
INSERT INTO `admin` VALUES (1,'admin','b041cc75f024acfc8e0b61f04f5e7a80','127.0.0.1',1485956626,'tracywxh0830@126.com','张三',1,1474873258,0),(5,'wmzl','0155bb04af3c6dcff9a227aaa8148563','127.0.0.1',1486545744,'212335961@qq.com','曾威',1,1474876258,0);
/*!40000 ALTER TABLE `admin` ENABLE KEYS */;
UNLOCK TABLES;

--
-- Table structure for table `article`
--

DROP TABLE IF EXISTS `article`;
/*!40101 SET @saved_cs_client     = @@character_set_client */;
/*!40101 SET character_set_client = utf8 */;
CREATE TABLE `article` (
  `article_id` int(10) unsigned NOT NULL AUTO_INCREMENT,
  `cat_id` smallint(5) unsigned NOT NULL COMMENT '栏目ID',
  `title` varchar(80) NOT NULL COMMENT '标题',
  `small_title` varchar(50) NOT NULL DEFAULT '' COMMENT '子标题',
  `thumb` varchar(100) NOT NULL DEFAULT '' COMMENT '缩略图',
  `keywords` varchar(50) NOT NULL DEFAULT '' COMMENT '关键词',
  `description` varchar(250) NOT NULL COMMENT '文章描述',
  `list_id` int(10) unsigned NOT NULL DEFAULT '0' COMMENT '排序ID',
  `status` tinyint(4) NOT NULL DEFAULT '1' COMMENT '状态',
  `source` varchar(250) NOT NULL DEFAULT '' COMMENT '来源',
  `user` varchar(20) NOT NULL COMMENT '操作用户',
  `create_time` int(10) unsigned NOT NULL COMMENT '创建时间',
  `update_time` int(10) unsigned NOT NULL DEFAULT '0' COMMENT '更新时间',
  `count` int(10) unsigned NOT NULL DEFAULT '0' COMMENT '阅读数',
  PRIMARY KEY (`article_id`)
) ENGINE=InnoDB AUTO_INCREMENT=44 DEFAULT CHARSET=utf8;
/*!40101 SET character_set_client = @saved_cs_client */;

--
-- Dumping data for table `article`
--

LOCK TABLES `article` WRITE;
/*!40000 ALTER TABLE `article` DISABLE KEYS */;
INSERT INTO `article` VALUES (17,3,'test','test','/upload/2016/03/06/56dbdc0c483af.JPG','sss','sss',1,-1,'知乎','admin',1455756999,1455756999,0),(18,3,'你好ssss','你好','/upload/2016/03/06/56dbdc015e662.JPG','你好','你好sssss  ss',2,-1,'知乎','admin',1455756999,1455756999,0),(19,8,'1','11','/upload/2016/02/28/56d312b12ccec.png','1','1',0,-1,'知乎','admin',1455756999,1455756999,0),(20,3,'事实上','11','/upload/2016/02/28/56d3185781237.png','1','11',0,-1,'知乎','admin',1455756999,1455756999,0),(21,12,'习近平今日下午出席解放军代表团全体会议','习近平出席解放军代表团全体会议','/upload/20160923/57e52fd2e5173.png','中共中央总书记 国家主席 中央军委主席 习近平','中共中央总书记',4,1,'知乎','wmzl',1455756999,1479373459,3),(22,12,'李克强让部长们当第一新闻发言人','李克强让部长们当第一新闻发言人','/upload/20160923/57e52ff63b55c.jpg','李克强  新闻发言人','部长直接面对媒体回应关切，还能直接读到民情民生民意，而不是看别人的舆情汇报。',2,1,'知乎','admin',1455756999,1474637826,0),(23,3,'重庆美女球迷争芳斗艳','重庆美女球迷争芳斗艳','/upload/20160923/57e5300c2cc5b.png','重庆美女 球迷 争芳斗艳','重庆美女球迷争芳斗艳',1,1,'知乎','admin',1455756999,1474637848,0),(24,3,'中超-汪嵩世界波制胜 富力客场1-0力擒泰达','中超-汪嵩世界波制胜 富力客场1-0力擒泰达','/upload/20160923/57e5302d1544b.png','中超 汪嵩世界波  富力客场 1-0力擒泰达','中超-汪嵩世界波制胜 富力客场1-0力擒泰达',0,1,'知乎','admin',1455756999,1474637879,3),(35,5,'7.6万辆新能源车骗补近百亿，骗补名单竟涵盖众多现代江淮等知名车企','7.6万辆新能源车骗补近百亿','/upload/20160911/57d4c879b4c54.jpg','新能源车 骗补','昨天财政部公开曝光5家骗补中央财政补贴的典型案例及处理决定，财政部还表示部分车企存在“有车缺电”和“标实不符”，但并未披露这些车企的名单。《证券日报》称现代、福田、天津比亚迪等20家企业名列其中，目前比亚迪表示未收到任何关于公司涉及新能源骗补的处理或处罚决定。',0,1,'华尔街见闻','wmzl',1473562955,1479373499,0),(36,8,'苹果面临“中年危机”？时间倒回20年前，看乔布斯如何用自己的方式拯救苹果？','苹果面临“中年危机”？','/upload/20160911/57d4b797d7556.jpg','苹果 危机','史蒂夫始终把公司的需求放在第一位，无论要付出什么代价。有时他的举动甚至看上去非常残忍。',0,1,'i黑马','admin',1473563120,0,0),(37,3,'分食5万亿体育市场，万达、阿里重金布局，创业公司变现路在哪儿？','分食5万亿体育市场','/upload/20160911/57d4cadf7dc7c.jpg','体育创业','在经历了2015年的“前热后冷”之后，进入阶段性谷底的体育创业在2016年回温，大量的新玩家涌入这个行业，新的机会慢慢浮现，资本的关注度又在持续走高，很多“新面孔”基金也在扎堆进入。',8,1,'虎嗅网','wmzl',1473563430,1479373487,14),(38,12,'刷卡费率一调整，微信支付和支付宝们又要下调价格了','刷卡费率调整','/upload/20160911/57d4cc75c2c88.jpg','刷卡费率 调整','9月6日起，发改委、央行联合下发《关于完善银行卡刷卡手续费定价机制的通知》开始实施，比较重要的几项新规定，大致包括借记卡、贷记卡差别计费，取消行业差别费率，贷记卡取消单笔收费封顶等。',10,1,'虎嗅网','wmzl',1473563830,1479373312,30),(39,8,'固步自封？了无新意？莫博士说苹果这是要给明年憋大招','固步自封','/upload/20160911/57d50e89d318a.jpg','iPhone 7','iPhone 7如期而至，褒贬不一。一向推崇苹果的莫博士也对苹果这次的表现开口了，不过这次他对苹果的好评度不高，认为苹果最新发布的iPhone 7在设计上没有任何突破，采用的依旧是早在2014年就引入的设计，唯一的变化是取消了3.5mm耳机接口。',9,1,'凤凰科技','admin',1473580766,0,10),(40,12,'优办获3000万美元B轮融资，创始人说还是要先做好办公租赁交易服务','优办获3000万美元B轮融资','/upload/20161117/582d5fb4c223b.jpg','优办 创业','优办获3000万美元B轮融资，创始人说还是要先做好办公租赁交易服务',0,1,'虎嗅网','wmzl',1479368707,0,2),(41,12,'拿了2500万融资的小面店有什么不同？标准化是连锁的内功','标准化是连锁的内功','/upload/20161117/582d657c7cdf8.jpg','创业 遇见小面','拿了2500万融资的小面店有什么不同？标准化是连锁的内功',0,1,'虎嗅网','wmzl',1479370172,0,1),(42,8,'谷歌神经机器翻译再突破：实现高质量多语言翻译和zero-shot翻译','谷歌神经机器翻译再突破','/upload/20161117/582d6c19f2a6b.jpg','谷歌 神经翻译','谷歌神经机器翻译再突破：实现高质量多语言翻译和zero-shot翻译  行业新闻 36氪的朋友们 • 2小时前 谷歌这一次的进步超过了过去十年积累的总和',0,1,'36氪','wmzl',1479371979,0,2),(43,12,'用户沉淀在第三方支付的资金，支付机构不能再自由支配了','第三方支付的资金支付机构不能再自由支配了','/upload/20170115/587b847fd436b.jpg','央行 支付','央行正式集中存管第三方支付备付金，吃利差的模式即将终结',0,1,'虎嗅网','wmzl',1484489940,1484490062,2);
/*!40000 ALTER TABLE `article` ENABLE KEYS */;
UNLOCK TABLES;

--
-- Table structure for table `article_content`
--

DROP TABLE IF EXISTS `article_content`;
/*!40101 SET @saved_cs_client     = @@character_set_client */;
/*!40101 SET character_set_client = utf8 */;
CREATE TABLE `article_content` (
  `id` int(10) unsigned NOT NULL AUTO_INCREMENT,
  `article_id` int(10) unsigned NOT NULL COMMENT '文章ID',
  `content` text NOT NULL COMMENT '文章内容',
  PRIMARY KEY (`id`)
) ENGINE=InnoDB AUTO_INCREMENT=30 DEFAULT CHARSET=utf8;
/*!40101 SET character_set_client = @saved_cs_client */;

--
-- Dumping data for table `article_content`
--

LOCK TABLES `article_content` WRITE;
/*!40000 ALTER TABLE `article_content` DISABLE KEYS */;
INSERT INTO `article_content` VALUES (7,17,'&lt;p&gt;\r\n	gsdggsgsgsgsg\r\n&lt;/p&gt;\r\n&lt;p&gt;\r\n	sgsg\r\n&lt;/p&gt;\r\n&lt;p&gt;\r\n	gsdgsg \r\n&lt;/p&gt;\r\n&lt;p style=&quot;text-align:center;&quot;&gt;\r\n	       ggg\r\n&lt;/p&gt;'),(8,18,'&lt;p&gt;\r\n	你好\r\n&lt;/p&gt;\r\n&lt;p&gt;\r\n	我很好dsggfg\r\n&lt;/p&gt;\r\n&lt;p&gt;\r\n	&lt;br /&gt;\r\n&lt;/p&gt;\r\n&lt;p&gt;\r\n	gsgfgdfgd\r\n&lt;/p&gt;\r\n&lt;p&gt;\r\n	&lt;br /&gt;\r\n&lt;/p&gt;\r\n&lt;p&gt;\r\n	&lt;br /&gt;\r\n&lt;/p&gt;\r\n&lt;p&gt;\r\n	&lt;br /&gt;\r\n&lt;/p&gt;\r\n&lt;p&gt;\r\n	gggg\r\n&lt;/p&gt;'),(9,19,'111'),(10,20,'111'),(11,21,'&lt;p&gt;\r\n	&lt;span style=&quot;font-family:\'Microsoft YaHei\', u5FAEu8F6Fu96C5u9ED1, Arial, SimSun, u5B8Bu4F53;font-size:16px;line-height:32px;&quot;&gt;&amp;nbsp; &amp;nbsp; &amp;nbsp; 3月13日下午，中共中央总书记、国家主席、中央军委主席习近平出席十二届全国人大四次会议解放军代表团全体会议，并发表重要讲话。&lt;/span&gt; \r\n&lt;/p&gt;\r\n&lt;p&gt;\r\n	&lt;span style=&quot;font-family:\'Microsoft YaHei\', u5FAEu8F6Fu96C5u9ED1, Arial, SimSun, u5B8Bu4F53;font-size:16px;line-height:32px;&quot;&gt;&lt;img src=&quot;/upload/20160923/57e52fe1c81cf.png&quot; alt=&quot;&quot; /&gt;&lt;br /&gt;\r\n&lt;/span&gt; \r\n&lt;/p&gt;'),(12,22,'&lt;p style=&quot;font-size:16px;font-family:\'Microsoft YaHei\', u5FAEu8F6Fu96C5u9ED1, Arial, SimSun, u5B8Bu4F53;&quot;&gt;\r\n	&amp;nbsp; &amp;nbsp; “部长通道”是今年两会一大亮点，成为两会开放透明和善待媒体的一个象征。在这个通道上，以往记者拉着喊着部长接受采访的场景不见了，变为部长主动站出来回应关切，甚至变成部长排队10多分钟等着接受采访。媒体报道称，两会前李克强总理接连两次“发话”，要求各部委主要负责人“要积极回应舆论关切”。部长主动放料，使这个通道上传出了很多新闻，如交通部长对拥堵费传闻的回应，人社部部长称网传延迟退休时间表属误读等。\r\n&lt;/p&gt;\r\n&lt;p style=&quot;font-size:16px;font-family:\'Microsoft YaHei\', u5FAEu8F6Fu96C5u9ED1, Arial, SimSun, u5B8Bu4F53;&quot;&gt;\r\n	&amp;nbsp; &amp;nbsp; &amp;nbsp;&amp;nbsp;&lt;img src=&quot;/upload/20160923/57e52fff78a71.jpg&quot; alt=&quot;&quot; /&gt;\r\n&lt;/p&gt;\r\n&lt;p style=&quot;font-size:16px;font-family:\'Microsoft YaHei\', u5FAEu8F6Fu96C5u9ED1, Arial, SimSun, u5B8Bu4F53;&quot;&gt;\r\n	&amp;nbsp; &amp;nbsp; &amp;nbsp; 记者之所以喜欢跑两会，原因之一是两会上高官云集，能“堵”到、“逮”到、“抢”到很多大新闻——现在不需要堵、逮和抢，部长们主动曝料，打通了各种阻隔，树立了开明开放的政府形象。期待“部长通道”不只在两会期间存在，最好能成为一种官媒交流、官民沟通的常态化新闻通道。\r\n&lt;/p&gt;\r\n&lt;p style=&quot;font-size:16px;font-family:\'Microsoft YaHei\', u5FAEu8F6Fu96C5u9ED1, Arial, SimSun, u5B8Bu4F53;&quot;&gt;\r\n	&lt;span style=&quot;font-family:\'Microsoft YaHei\', u5FAEu8F6Fu96C5u9ED1, Arial, SimSun, u5B8Bu4F53;font-size:16px;line-height:32px;&quot;&gt;部长们多面对媒体多发言，不仅能提高自身的媒介素养，也带动部门新闻发言人，更加重视与媒体沟通。部长直接面对媒体回应关切，还能直接读到民情民生民意，而不是看别人的舆情汇报。&lt;/span&gt; \r\n&lt;/p&gt;'),(13,23,'&lt;p&gt;\r\n	&lt;span style=&quot;color:#666666;font-family:\'Microsoft Yahei\', 微软雅黑, SimSun, 宋体, \'Arial Narrow\', serif;font-size:14px;line-height:28px;background-color:#FFFFFF;&quot;&gt;&amp;nbsp; &amp;nbsp; &amp;nbsp; 2016年3月13日，2016年中超联赛第2轮：重庆力帆vs河南建业，主场美女球迷争芳斗艳。&lt;/span&gt; \r\n&lt;/p&gt;\r\n&lt;p&gt;\r\n	&lt;span style=&quot;color:#666666;font-family:\'Microsoft Yahei\', 微软雅黑, SimSun, 宋体, \'Arial Narrow\', serif;font-size:14px;line-height:28px;background-color:#FFFFFF;&quot;&gt;&lt;img src=&quot;/upload/20160923/57e53015ab20d.png&quot; alt=&quot;&quot; /&gt;&lt;br /&gt;\r\n&lt;/span&gt; \r\n&lt;/p&gt;'),(14,24,'&lt;p&gt;\r\n	&lt;br /&gt;\r\n&lt;/p&gt;\r\n&lt;p&gt;\r\n	新浪体育讯　　北京时间2016年3月12日晚7点35分，2016年中超联赛第2轮的一场比赛在天津水滴体育场进行。由天津泰达主场对阵广州富力。上半场双方机会都不多，&lt;strong&gt;下半场第57分钟，常飞亚左路护住皮球回做，汪嵩迎球直接远射世界波破门。随后天津泰达尽管全力进攻，但伊万诺维奇和迪亚涅都浪费了近在咫尺的机会&lt;/strong&gt;，最终不得不0-1主场告负。\r\n&lt;/p&gt;\r\n&lt;p&gt;\r\n	&lt;img src=&quot;/upload/20160923/57e53036037ec.png&quot; alt=&quot;&quot; /&gt;\r\n&lt;/p&gt;\r\n&lt;p&gt;\r\n	由于首轮中超对阵北京国安的比赛延期举行，因此本场比赛实际上是天津泰达本赛季的首次亮相。新援蒙特罗领衔锋线，两名外援中后卫均首发出场。另一方面，在首轮主场不敌中超新贵河北华夏之后，本赛季球员流失较多的广州富力也许不得不早早开始他们的保级谋划。本场陈志钊红牌停赛，澳大利亚外援吉安努顶替了上轮首发的肖智。\r\n&lt;/p&gt;\r\n&lt;p&gt;\r\n	广州富力显然更快地适应了比赛节奏。第3分钟，吉安努前插领球大步杀入禁区形成单刀，回防的赞纳迪内果断放铲化解险情。第8分钟，雷纳尔迪尼奥左路踩单车过人后低平球传中，约万诺维奇伸出大长腿将球挡出底线。第14分钟，富力队左路传中到远点，聂涛头球解围险些失误，送出本场比赛第一个角球。\r\n&lt;/p&gt;\r\n&lt;p&gt;\r\n	天津队中场的配合逐渐找到一些感觉。第23分钟，天津队通过一连串小配合打到左路，周海滨下底传中被挡出底线。角球被富力队顶出后天津队二次将球传到禁区前沿，蒙特罗转身后射门但软弱无力被程月磊得到。第27分钟，约万诺维奇断球后直塞蒙特罗，蒙特罗转身晃开后卫在禁区外大力轰门打高。第29分钟，瓦格纳任意球吊入禁区，程月磊出击失误没有击到球，天津队后点将球再次传中，姜至鹏在对方夹击下奋力将球顶出底线。\r\n&lt;/p&gt;\r\n&lt;p&gt;\r\n	双方都没有太好的打开僵局的办法，开始陷入苦战。第33分钟，常飞亚左路晃开空档突然起脚，皮球擦着近门柱稍稍偏出底线。第43分钟，白岳峰被雷纳尔迪尼奥断球得手，后者利用速度甩开约万诺维奇，低平球传中又躲过了赞纳迪内的滑铲，但吉安努门前近在咫尺的推射被杨启鹏神奇地单腿挡出！双方半场只得0-0互交白卷。\r\n&lt;/p&gt;\r\n&lt;p&gt;\r\n	中场休息双方都没有换人。第47分钟，蒙特罗前场扣过多名对方队员后将球交给周海滨，但周海滨传中时禁区内的胡人天越位在先。第51分钟，王嘉楠右路晃开聂涛下底，但传中球又高又远。第54分钟，雷纳尔迪尼奥中场拿球挑过李本舰，后者无奈将其放倒吃到黄牌。第57分钟，常飞亚左路护住皮球回做，汪嵩迎球直接远射，杨启鹏鞭长莫及，皮球呼啸着直挂远角！世界波！富力队客场1-0取得领先。\r\n&lt;/p&gt;\r\n&lt;p&gt;\r\n	第62分钟，瓦格纳任意球吊到禁区，程月磊再次拿球脱手，幸亏张耀坤将球踢出了边线。天津队率先做出调整，迪亚涅和周通两名前锋登场换下郭皓和瓦格纳。第64分钟，天津队右路传中，周通禁区内甩头攻门，程月磊侧扑将球得到。富力队并未保守。第66分钟，常飞亚左路连续盘带杀入禁区，小角度射门打偏。不过一分钟，雷纳尔迪尼奥禁区右角远射，皮球在门前反弹后稍稍偏出。\r\n&lt;/p&gt;\r\n&lt;p&gt;\r\n	第71分钟，吉安努禁区角上回做，常飞亚跟进远射，杨启鹏单掌将球托出。天津队马上打出反击，蒙特罗禁区内转身将球分到右路，胡人天的传中找到后排插上的周海滨，但后者的大力头球顶得太正被程月磊侯个正着。富力队肖智换下卢琳。第74分钟，迪亚涅依靠强壮的身体杀入禁区直塞，蒙特罗停球后射门被密集防守的后卫挡出。\r\n&lt;/p&gt;\r\n&lt;p&gt;\r\n	于洋换下雷纳尔迪尼奥，富力队加强防守。第81分钟，天津队角球开出，迪亚涅甩头攻门顶偏。天津队连续得到角球机会。第85分钟，天津队角球二次进攻，周通传中，蒙特罗后点头球回做，约万诺维奇离门不到两米处转身扫射竟然将球踢飞！\r\n&lt;/p&gt;\r\n&lt;div id=&quot;ad_33&quot; class=&quot;otherContent_01&quot; style=&quot;margin:10px 20px 10px 0px;padding:4px;&quot;&gt;\r\n	&lt;iframe width=&quot;300px&quot; height=&quot;250px&quot; frameborder=&quot;0&quot; src=&quot;http://img.adbox.sina.com.cn/ad/28543.html&quot;&gt;\r\n	&lt;/iframe&gt;\r\n&lt;/div&gt;\r\n&lt;p&gt;\r\n	天津队范柏群换下李本舰。富力队用宁安换下常飞亚。第88分钟，胡人天战术犯规吃到黄牌。天津队久攻不下，第90分钟，赞纳迪内40米开外远射打偏。第93分钟，蒙特罗左路传中，迪亚涅头球争顶下来之后顺势扫射，皮球贴着横梁高出。广州富力最终将优势保持到了终场取得三分。\r\n&lt;/p&gt;\r\n&lt;p&gt;\r\n	进球信息：\r\n&lt;/p&gt;\r\n&lt;p&gt;\r\n	天津泰达：无。\r\n&lt;/p&gt;\r\n&lt;p&gt;\r\n	广州富力：第58分钟，卢琳左路回做，汪嵩跟上远射破网。\r\n&lt;/p&gt;\r\n&lt;p&gt;\r\n	黄牌信息：\r\n&lt;/p&gt;\r\n&lt;p&gt;\r\n	天津泰达：第54分钟，李本舰。第88分钟，胡人天。\r\n&lt;/p&gt;\r\n&lt;p&gt;\r\n	广州富力：无。\r\n&lt;/p&gt;\r\n&lt;p&gt;\r\n	红牌信息：\r\n&lt;/p&gt;\r\n&lt;p&gt;\r\n	无。\r\n&lt;/p&gt;\r\n&lt;p&gt;\r\n	双方出场阵容：\r\n&lt;/p&gt;\r\n&lt;p&gt;\r\n	天津泰达（4-5-1）：29-杨启鹏，23-聂涛、3-赞纳迪内、5-约万诺维奇、19-白岳峰，6-周海滨、7-李本舰（86分钟，28-范柏群）、8-胡人天、11-瓦格纳（63分钟，9-迪亚涅）、22-郭皓（63分钟，33-周通），10-蒙特罗；\r\n&lt;/p&gt;\r\n&lt;p&gt;\r\n	广州富力（4-5-1）：1-程月磊，11-姜至鹏、5-张耀坤、22-张贤秀、28-王嘉楠，7-斯文森、21-常飞亚（88分钟，15-宁安）、23-卢琳（73分钟，29-肖智）、31-雷纳尔迪尼奥（77分钟，3-于洋）、33-汪嵩，9-吉安努。\r\n&lt;/p&gt;\r\n&lt;p&gt;\r\n	（卢小挠）\r\n&lt;/p&gt;\r\n&lt;div&gt;\r\n&lt;/div&gt;\r\n&lt;div style=&quot;font-size:0px;&quot;&gt;\r\n&lt;/div&gt;\r\n&lt;p&gt;\r\n	&lt;br /&gt;\r\n&lt;/p&gt;'),(21,35,'&lt;p&gt;\r\n	财政部近期曝光了5家存在骗取新能源汽车补贴的客车企业名单，但这只是冰山一角。&lt;br /&gt;\r\n&lt;br /&gt;\r\n9月8日，财政部对新能源汽车推广应用补助资金的调查清查做了初步通报，财政部曝光了5家存在骗取新能源汽车补贴的客车企业名单。它们分别为苏州吉姆西、苏州金龙、深圳五洲龙、奇瑞万达贵州客车和河南少林客车。&lt;br /&gt;\r\n&lt;br /&gt;\r\n工信部对上述5家企业停止执行中央财政补贴，并对吉姆西取消整车资质，要求其他4家把问题车辆从推广目录中剔除，追回补贴资金。&lt;br /&gt;\r\n&lt;br /&gt;\r\n新能源汽车骗补事件爆发以来，国家分批进行了三次大规模调查。有关部门内部人士向《证券日报》表示，财政部等四部委于2016年年初组织力量对93家主要的新能源汽车生产企业进行了专项检查。其中，查处新能源汽车有牌无车3547辆，涉及骗补金额101021万元；有车无电19158辆，金额187510万元；关联方闲置涉及33家车企，共30414辆；终端用户闲置涉及54家车企，未提车6093辆，已提车15269辆。&lt;br /&gt;\r\n&lt;br /&gt;\r\n上述涉嫌骗补和违规谋补的车辆总数达到76374辆，涉及补贴总金额92.707亿元。而据中汽协公布数据，2015年新能源汽车销量33万辆，涉案车辆总数超过去年总销量的四分之一。&lt;br /&gt;\r\n&lt;br /&gt;\r\n《证券日报》称，骗补名单还涉及到有车无电车企共12家，分别为现代、吉利(康迪)、福田、申沃、少林、力帆、天津比亚迪、安凯、唐山上汽、青年、华普、一汽客车；标识不符（电池）车企共8家，分别为江淮、日产、恒通、飞驰、宇通、中通、南京金龙、吉利。&lt;br /&gt;\r\n&lt;br /&gt;\r\n财政部相关负责人表示，新能源汽车属于国家战略新兴行业，企业发展主流还是好的。出于整个行业健康发展，对几家企业进行曝光，对行业起到震慑触动效应；其他未公布的问题企业，不能全部定性为骗补，但也有相应的惩治措施。&lt;br /&gt;\r\n&lt;br /&gt;\r\n京威股份因涉新能源车“骗补”，今日停牌。而新能源汽车开盘走强，龙一江淮汽车涨4%，龙二中通客车涨3%，亚星客车涨2%。&lt;br /&gt;\r\n&lt;br /&gt;\r\n5家车企骗补遭处罚&lt;br /&gt;\r\n&lt;br /&gt;\r\n根据财政部披露的消息，5家被定性为“骗补”的客车企业均涉及车辆未完工便提前办理机动车行驶证的情况。&lt;br /&gt;\r\n&lt;br /&gt;\r\n苏州吉姆西虚假申报2015年销售新能源汽车1131辆，涉及中央财政补助资金约2.6亿元；苏州金龙违规行为发生最多，涉及车辆1683台，公司多申报中央财政补助资金约5.2亿元；深圳五洲龙、奇瑞万达贵州客车、河南少林客车分别被认定有154辆、327辆、252辆未完工提前上牌，多申报中央财政补助资金分别为5574万元、9810万元和7560万元。&lt;br /&gt;\r\n&lt;br /&gt;\r\n财政部对上述5家骗补企业的处罚措施为停止执行中央财政补贴。吉姆西取消整车资质，其他4家把问题车辆从推广目录中剔除，追回补贴资金。&lt;br /&gt;\r\n&lt;br /&gt;\r\n除了这五家 其他问题企业不少&lt;br /&gt;\r\n&lt;br /&gt;\r\n除上述财政部公布的上述5家骗补企业名单及处罚措施外，据《证券日报》报道，骗补名单还涉及到有车无电车企共12家，分别为现代、吉利(康迪)、福田、申沃、少林、力帆、天津比亚迪、安凯、唐山上汽、青年、华普、一汽客车；标识不符（电池）车企共8家，分别为江淮、日产、恒通、飞驰、宇通、中通、南京金龙、吉利。&lt;br /&gt;\r\n&lt;br /&gt;\r\n不过，比亚迪发言人表示，未收到任何关于公司涉及新能源骗补的处理或处罚决定。&lt;br /&gt;\r\n&lt;br /&gt;\r\n骗取或谋取财政补贴的典型行为还有“有车缺电”（如本应装四块电池，实际只装了两块电池等）、“标实不符”、闲置车辆（包括卖给关联企业而非终端用户、提前谋取补贴，也包括卖给终端闲置的）等，部分将按问题金额的30%处以罚款，闲置车辆在2015年清算汇总暂扣中央补助全部或50%的中央补助。&lt;br /&gt;\r\n&lt;br /&gt;\r\n财政部等部门对于上述20家企业的处理方式是取消2016年补贴预拨资格；问题车辆2015年不予清算补贴，且2013年-2014年的补贴也同时追回，但合规车辆可以继续销售。除明确骗补车企名单外，财政部还公布了车辆闲置名单。关联方闲置涉及33家车企，共30414辆，涉及补贴金额为16.96亿元；终端用户闲置，涉及54家车企，未提车6093辆，已提车15269辆，涉及补贴金额为42.826亿元。&lt;br /&gt;\r\n&lt;br /&gt;\r\n财政部等有关部门对闲置车辆的处置意见是，根据情况严重程度区别对待，采取暂缓清算、暂清算50%，待一年后看车辆闲置情况，再做处置，如达到要求，则按达到要求年份补贴标准补齐补贴额度，如仍达不到要求，则取消补贴。&lt;br /&gt;\r\n&lt;br /&gt;\r\n财政部相关负责人表示，新能源汽车属于国家战略新兴行业，企业发展主流还是好的。出于整个行业健康发展，对几家企业进行曝光，对行业起到震慑触动效应；其他未公布的问题企业，不能全部定性为骗补，但也有相应的惩治措施。&lt;br /&gt;\r\n&lt;br /&gt;\r\n适时采取补贴退坡办法&lt;br /&gt;\r\n&lt;br /&gt;\r\n财政部数据显示，自2009年起，中央财政对新能源汽车推广应用予以补助，截至2015年底中央财政累计安排补助资金334亿元。据督查报告数据，地方财政2013-2015年拨付补助资金合计200多亿元。&lt;br /&gt;\r\n&lt;br /&gt;\r\n在7月份西安举行的产业座谈会上，一位地方政府官员建议，为进一步破除地方保护，由中央财政统一对新能源汽车推广进行补贴，不再实施地方政府补贴；建议明确相关规定，要求各地执行国家统一标准，不得设置地方目录。&lt;br /&gt;\r\n&lt;br /&gt;\r\n财政部表示，财政部将会同有关部门加快修订完善产业扶持政策，及时提高准入门槛，引领技术进步，适时采取补贴退坡办法，促使新能源汽车产业尽快步入自我发展的健康轨道。&lt;br /&gt;\r\n&lt;br /&gt;\r\n财政部经建司副司长宋秋玲8月份曾表示，普惠财政补贴容易使企业患上依赖症，已经不再适应企业由大变强的需要，要不断提高进入推荐车型目录的企业和产品的门槛。补贴标准在弥补成本差价和促进技术创新上实现基本平衡。目前，新能源汽车成本随着规模效应已逐渐下降，部分车型的成本下降较快，有必要根据产业发展、推广规模、成本变化等因素进一步完善补贴的标准。&lt;br /&gt;\r\n&lt;img src=&quot;/upload/20160911/57d4c8964b271.jpg&quot; alt=&quot;&quot; /&gt;\r\n&lt;/p&gt;\r\n&lt;p&gt;\r\n	&lt;br /&gt;\r\n&lt;/p&gt;'),(22,36,'&lt;p&gt;\r\n	&lt;img src=&quot;/upload/20160911/57d4b79d75a28.jpg&quot; alt=&quot;&quot; /&gt; \r\n&lt;/p&gt;\r\n&lt;p&gt;\r\n	&lt;p style=&quot;vertical-align:baseline;font-size:16px;color:#727272;text-align:justify;font-family:&amp;quot;background-color:#FAFAFA;&quot;&gt;\r\n		2016年9月8日凌晨1点，苹果公司举行了2016秋季新品发布会，iphone7和iphone7 plus首度亮相，几大革新包括：虚拟HOME键、防水防尘、存储容量最低32GB，对于这些创新，很多人给出了“略有惊喜，但无惊艳”的及格分数。\r\n	&lt;/p&gt;\r\n	&lt;p style=&quot;vertical-align:baseline;font-size:16px;color:#727272;text-align:justify;font-family:&amp;quot;background-color:#FAFAFA;&quot;&gt;\r\n		成立于1976年的苹果，目前正面临着“中年危机”。\r\n	&lt;/p&gt;\r\n	&lt;p style=&quot;vertical-align:baseline;font-size:16px;color:#727272;text-align:justify;font-family:&amp;quot;background-color:#FAFAFA;&quot;&gt;\r\n		iPhone被指创新不够，但苹果过分依赖iPhone已成现实，在短时间内很难改变。在不少用户的眼中，苹果早已不再代表极客精神，而是成为了一个日益平庸的“传统”手机厂商。\r\n	&lt;/p&gt;\r\n	&lt;p style=&quot;vertical-align:baseline;font-size:16px;color:#727272;text-align:justify;font-family:&amp;quot;background-color:#FAFAFA;&quot;&gt;\r\n		这使人不禁想起20年前，苹果面临的最大的一次危机。\r\n	&lt;/p&gt;\r\n	&lt;p style=&quot;vertical-align:baseline;font-size:16px;color:#727272;text-align:justify;font-family:&amp;quot;background-color:#FAFAFA;&quot;&gt;\r\n		1996年的苹果风雨飘摇，IBM 牢坐个人电脑市场，戴尔、康柏、爱普生和日立等厂商则在展开一场价格大战。苹果电脑在市场上几乎没有立足之地：产品线无序膨胀，销量急剧下降，存货如山，苹果似乎正在失去过去20年所拥有的非凡魔力。\r\n	&lt;/p&gt;\r\n	&lt;p style=&quot;vertical-align:baseline;font-size:16px;color:#727272;text-align:justify;font-family:&amp;quot;background-color:#FAFAFA;&quot;&gt;\r\n		他们急需一位能够力挽狂澜的CEO，于是请来了已被苹果放逐10年的乔布斯。\r\n	&lt;/p&gt;\r\n	&lt;p style=&quot;vertical-align:baseline;font-size:16px;color:#727272;text-align:justify;font-family:&amp;quot;background-color:#FAFAFA;&quot;&gt;\r\n		乔布斯于苹果危难之中重新归来，推出新产品iMac，改组董事会，与宿敌微软公司握手言欢。\r\n	&lt;/p&gt;\r\n	&lt;p style=&quot;vertical-align:baseline;font-size:16px;color:#727272;text-align:justify;font-family:&amp;quot;background-color:#FAFAFA;&quot;&gt;\r\n		在乔布斯的改革之下，苹果终于实现盈利。乔布斯刚上任时，苹果公司的亏损高达10亿美元，一年后却奇迹般地赢利3.09亿美元。\r\n	&lt;/p&gt;\r\n	&lt;p style=&quot;vertical-align:baseline;font-size:16px;color:#727272;text-align:justify;font-family:&amp;quot;background-color:#FAFAFA;&quot;&gt;\r\n		1997年，乔布斯被评为“最成功的管理者”。越来越多的业界同仁认同了此观点。\r\n	&lt;/p&gt;\r\n	&lt;p style=&quot;vertical-align:baseline;font-size:16px;color:#727272;text-align:justify;font-family:&amp;quot;background-color:#FAFAFA;&quot;&gt;\r\n		乔布斯如何用一年的时间实现逆袭？我们可以先从这则名为“非同凡想”的广告说起。\r\n	&lt;/p&gt;\r\n	&lt;p style=&quot;vertical-align:baseline;font-size:16px;color:#727272;text-align:justify;font-family:&amp;quot;background-color:#FAFAFA;&quot;&gt;\r\n		1997年，苹果公司推出的广告“Think Different”，非同凡想。这句“Think Different”被乔布斯认为是苹果最伟大的广告语。\r\n	&lt;/p&gt;\r\n	&lt;p style=&quot;vertical-align:baseline;font-size:16px;color:#727272;text-align:justify;font-family:&amp;quot;background-color:#FAFAFA;&quot;&gt;\r\n		&lt;span style=&quot;vertical-align:baseline;font-weight:bolder;&quot;&gt;广告文案&lt;/span&gt;\r\n	&lt;/p&gt;\r\n	&lt;p style=&quot;vertical-align:baseline;font-size:16px;color:#727272;text-align:justify;font-family:&amp;quot;background-color:#FAFAFA;&quot;&gt;\r\n		Here\'s to the crazy ones.\r\n	&lt;/p&gt;\r\n	&lt;p style=&quot;vertical-align:baseline;font-size:16px;color:#727272;text-align:justify;font-family:&amp;quot;background-color:#FAFAFA;&quot;&gt;\r\n		向那些疯狂的家伙们致敬，\r\n	&lt;/p&gt;\r\n	&lt;p style=&quot;vertical-align:baseline;font-size:16px;color:#727272;text-align:justify;font-family:&amp;quot;background-color:#FAFAFA;&quot;&gt;\r\n		The misfits.\r\n	&lt;/p&gt;\r\n	&lt;p style=&quot;vertical-align:baseline;font-size:16px;color:#727272;text-align:justify;font-family:&amp;quot;background-color:#FAFAFA;&quot;&gt;\r\n		他们特立独行，\r\n	&lt;/p&gt;\r\n	&lt;p style=&quot;vertical-align:baseline;font-size:16px;color:#727272;text-align:justify;font-family:&amp;quot;background-color:#FAFAFA;&quot;&gt;\r\n		The rebels\r\n	&lt;/p&gt;\r\n	&lt;p style=&quot;vertical-align:baseline;font-size:16px;color:#727272;text-align:justify;font-family:&amp;quot;background-color:#FAFAFA;&quot;&gt;\r\n		.他们桀骜不驯，\r\n	&lt;/p&gt;\r\n	&lt;p style=&quot;vertical-align:baseline;font-size:16px;color:#727272;text-align:justify;font-family:&amp;quot;background-color:#FAFAFA;&quot;&gt;\r\n		The troublemakers.\r\n	&lt;/p&gt;\r\n	&lt;p style=&quot;vertical-align:baseline;font-size:16px;color:#727272;text-align:justify;font-family:&amp;quot;background-color:#FAFAFA;&quot;&gt;\r\n		他们不墨守成规，\r\n	&lt;/p&gt;\r\n	&lt;p style=&quot;vertical-align:baseline;font-size:16px;color:#727272;text-align:justify;font-family:&amp;quot;background-color:#FAFAFA;&quot;&gt;\r\n		The round pegs in the square holes.\r\n	&lt;/p&gt;\r\n	&lt;p style=&quot;vertical-align:baseline;font-size:16px;color:#727272;text-align:justify;font-family:&amp;quot;background-color:#FAFAFA;&quot;&gt;\r\n		他们格格不入，\r\n	&lt;/p&gt;\r\n	&lt;p style=&quot;vertical-align:baseline;font-size:16px;color:#727272;text-align:justify;font-family:&amp;quot;background-color:#FAFAFA;&quot;&gt;\r\n		The ones who see things differently.\r\n	&lt;/p&gt;\r\n	&lt;p style=&quot;vertical-align:baseline;font-size:16px;color:#727272;text-align:justify;font-family:&amp;quot;background-color:#FAFAFA;&quot;&gt;\r\n		他们不人云亦云，\r\n	&lt;/p&gt;\r\n	&lt;p style=&quot;vertical-align:baseline;font-size:16px;color:#727272;text-align:justify;font-family:&amp;quot;background-color:#FAFAFA;&quot;&gt;\r\n		They\'re not fond of rules.\r\n	&lt;/p&gt;\r\n	&lt;p style=&quot;vertical-align:baseline;font-size:16px;color:#727272;text-align:justify;font-family:&amp;quot;background-color:#FAFAFA;&quot;&gt;\r\n		他们惹是生非，\r\n	&lt;/p&gt;\r\n	&lt;p style=&quot;vertical-align:baseline;font-size:16px;color:#727272;text-align:justify;font-family:&amp;quot;background-color:#FAFAFA;&quot;&gt;\r\n		And they have no respect for the status quo.\r\n	&lt;/p&gt;\r\n	&lt;p style=&quot;vertical-align:baseline;font-size:16px;color:#727272;text-align:justify;font-family:&amp;quot;background-color:#FAFAFA;&quot;&gt;\r\n		他们也不安于现状，\r\n	&lt;/p&gt;\r\n	&lt;p style=&quot;vertical-align:baseline;font-size:16px;color:#727272;text-align:justify;font-family:&amp;quot;background-color:#FAFAFA;&quot;&gt;\r\n		You can quote them, disagree with them,&amp;nbsp;glorify or vilify them.\r\n	&lt;/p&gt;\r\n	&lt;p style=&quot;vertical-align:baseline;font-size:16px;color:#727272;text-align:justify;font-family:&amp;quot;background-color:#FAFAFA;&quot;&gt;\r\n		你可以引用他们，反对他们，颂扬或诋毁他们，\r\n	&lt;/p&gt;\r\n	&lt;p style=&quot;vertical-align:baseline;font-size:16px;color:#727272;text-align:justify;font-family:&amp;quot;background-color:#FAFAFA;&quot;&gt;\r\n		About the only thing that you can\'t do is ignore them.&amp;nbsp;\r\n	&lt;/p&gt;\r\n	&lt;p style=&quot;vertical-align:baseline;font-size:16px;color:#727272;text-align:justify;font-family:&amp;quot;background-color:#FAFAFA;&quot;&gt;\r\n		但唯独不能漠视他们。\r\n	&lt;/p&gt;\r\n	&lt;p style=&quot;vertical-align:baseline;font-size:16px;color:#727272;text-align:justify;font-family:&amp;quot;background-color:#FAFAFA;&quot;&gt;\r\n		Because they change things.\r\n	&lt;/p&gt;\r\n	&lt;p style=&quot;vertical-align:baseline;font-size:16px;color:#727272;text-align:justify;font-family:&amp;quot;background-color:#FAFAFA;&quot;&gt;\r\n		因为他们改变事物。\r\n	&lt;/p&gt;\r\n	&lt;p style=&quot;vertical-align:baseline;font-size:16px;color:#727272;text-align:justify;font-family:&amp;quot;background-color:#FAFAFA;&quot;&gt;\r\n		They push the human race forward.\r\n	&lt;/p&gt;\r\n	&lt;p style=&quot;vertical-align:baseline;font-size:16px;color:#727272;text-align:justify;font-family:&amp;quot;background-color:#FAFAFA;&quot;&gt;\r\n		他们推动人类向前发展。\r\n	&lt;/p&gt;\r\n	&lt;p style=&quot;vertical-align:baseline;font-size:16px;color:#727272;text-align:justify;font-family:&amp;quot;background-color:#FAFAFA;&quot;&gt;\r\n		While some may see them as the crazy ones, we see genius.\r\n	&lt;/p&gt;\r\n	&lt;p style=&quot;vertical-align:baseline;font-size:16px;color:#727272;text-align:justify;font-family:&amp;quot;background-color:#FAFAFA;&quot;&gt;\r\n		或许他们是别人眼里的疯子，但他们却是我们眼中的天才。\r\n	&lt;/p&gt;\r\n	&lt;p style=&quot;vertical-align:baseline;font-size:16px;color:#727272;text-align:justify;font-family:&amp;quot;background-color:#FAFAFA;&quot;&gt;\r\n		Because the people who are crazy enough to think that they can\r\n	&lt;/p&gt;\r\n	&lt;p style=&quot;vertical-align:baseline;font-size:16px;color:#727272;text-align:justify;font-family:&amp;quot;background-color:#FAFAFA;&quot;&gt;\r\n		change the world, are the ones who do.\r\n	&lt;/p&gt;\r\n	&lt;p style=&quot;vertical-align:baseline;font-size:16px;color:#727272;text-align:justify;font-family:&amp;quot;background-color:#FAFAFA;&quot;&gt;\r\n		因为这些人足够疯狂，所以他们改变了世界\r\n	&lt;/p&gt;\r\n	&lt;p style=&quot;vertical-align:baseline;font-size:16px;color:#727272;text-align:justify;font-family:&amp;quot;background-color:#FAFAFA;&quot;&gt;\r\n		&lt;span style=&quot;vertical-align:baseline;font-weight:bolder;&quot;&gt;以下内容节选自《成为乔布斯》&lt;/span&gt;\r\n	&lt;/p&gt;\r\n	&lt;p style=&quot;vertical-align:baseline;font-size:16px;color:#727272;text-align:justify;font-family:&amp;quot;background-color:#FAFAFA;&quot;&gt;\r\n		&lt;span style=&quot;vertical-align:baseline;font-size:18px;color:#993300;&quot;&gt;&lt;span style=&quot;vertical-align:baseline;font-weight:bolder;&quot;&gt;一则让所有人重回信心的广告&lt;/span&gt;&lt;/span&gt;\r\n	&lt;/p&gt;\r\n	&lt;p style=&quot;vertical-align:baseline;font-size:16px;color:#727272;text-align:justify;font-family:&amp;quot;background-color:#FAFAFA;&quot;&gt;\r\n		从海报、电视到平面媒体，无论是哪个渠道的宣传都一致获得了广泛好评。“非同凡想”歌颂了反主流文化的理念，让每一位观众都能感同身受，感觉到自己也是被歌颂的对象之一。广告展现了苹果的雄心壮志与平易近人，这正是理想的苹果产品所应该具备的特点。\r\n	&lt;/p&gt;\r\n	&lt;p style=&quot;vertical-align:baseline;font-size:16px;color:#727272;text-align:justify;font-family:&amp;quot;background-color:#FAFAFA;&quot;&gt;\r\n		广告文案是史蒂夫、克劳和&amp;nbsp;TBWA\\Chiat\\Day公司的员工共同合作完成的，文字煽情、感人，描绘的是苹果产品的购买者，而不是机器本身。事实上，广告里完全没有提到“电脑”两个字，只提到要为富有创造力的人制造良“机”。这支简单却不失清晰的广告很快从一大堆平庸的电脑广告中脱颖而出，提醒人们他们曾经所热爱的苹果精神又回来了。此次耗资&amp;nbsp;1亿美元的宣传攻势开启了苹果的形象重塑之旅，这一过程还将持续好多年。\r\n	&lt;/p&gt;\r\n	&lt;p style=&quot;vertical-align:baseline;font-size:16px;color:#727272;text-align:justify;font-family:&amp;quot;background-color:#FAFAFA;&quot;&gt;\r\n		宣传攻势在两方面立刻得到了回报。&lt;span style=&quot;vertical-align:baseline;font-weight:bolder;&quot;&gt;一是“非同凡想”让苹果员工重拾信心。&lt;/span&gt;库比蒂诺的办公楼里贴满了海报和广告牌，史蒂夫配音的版本作为宣传视频的一部分在公司内部播放。苹果凭借这支广告获得&amp;nbsp;1998年艾美奖最佳电视广告，获奖后，公司给每位员工发了一本&amp;nbsp;50页的纪念册。“我们的宣传攻势同样针对苹果员工。”克劳说道。史蒂夫仍然在大刀阔斧地改革与裁员，在这样的情况下，如何提振员工的士气和信心是个大难题。“非同凡想”让有幸留下来的员工这么多年来第一次看到了希望。\r\n	&lt;/p&gt;\r\n	&lt;p style=&quot;vertical-align:baseline;font-size:16px;color:#727272;text-align:justify;font-family:&amp;quot;background-color:#FAFAFA;&quot;&gt;\r\n		&lt;span style=&quot;vertical-align:baseline;font-weight:bolder;&quot;&gt;“非同凡想”也给公司赢得了宝贵的时间。&lt;/span&gt;史蒂夫当然知道最终还是要以产品说话，必须要让产品配得上广告词的描绘，但在&amp;nbsp;1997年秋天，公司几乎没有什么拿得出手的产品。“非同凡想”似乎为史蒂夫打了掩护，让他和团队有时间钻研产品。\r\n	&lt;/p&gt;\r\n	&lt;p style=&quot;vertical-align:baseline;font-size:16px;color:#727272;text-align:justify;font-family:&amp;quot;background-color:#FAFAFA;&quot;&gt;\r\n		即使最终播放的版本并不是史蒂夫的声音，一些媒体仍然把“非同凡想”看作史蒂夫又一次好大喜功的表现，不值得大肆庆祝，反而会引发担忧。但事实证明，这次广告并非史蒂夫好大喜功，而是他迈出的第一步，他已经学会了如何一步步脚踏实地地前进，而非只想着突飞猛进、一日千里。“他非常专注，” 弗雷德·安德森回忆道，“既有耐心又比较急切。”史蒂夫开始了循序渐进的步伐。\r\n	&lt;/p&gt;\r\n	&lt;p style=&quot;vertical-align:baseline;font-size:16px;color:#727272;text-align:justify;font-family:&amp;quot;background-color:#FAFAFA;&quot;&gt;\r\n		&lt;span style=&quot;vertical-align:baseline;color:#993300;font-size:18px;&quot;&gt;&lt;span style=&quot;vertical-align:baseline;font-weight:bolder;&quot;&gt;没有什么比公司的需求更重要&lt;/span&gt;&lt;/span&gt;\r\n	&lt;/p&gt;\r\n	&lt;p style=&quot;vertical-align:baseline;font-size:16px;color:#727272;text-align:justify;font-family:&amp;quot;background-color:#FAFAFA;&quot;&gt;\r\n		在“非同凡想”抓住公众眼球的同时，史蒂夫正忙着销毁原来的苹果。&lt;span style=&quot;vertical-align:baseline;font-weight:bolder;&quot;&gt;部门架构调整触及了公司的每个角落&lt;/span&gt;。史蒂夫关掉了&amp;nbsp;Newton掌上电脑和&amp;nbsp;eMate 电脑产品线，撤掉了所有支持这两个产品的工程和营销团队。（有意思的是，1998 年，前&amp;nbsp;CEO阿梅里奥回苹果拜访史蒂夫时，提出要购买已经封存的&amp;nbsp;Newton资产和知识产权。与阿梅里奥会面的几天后，史蒂夫告诉我，当他听说阿梅里奥居然想买&amp;nbsp;Newton时大吃一惊。但是把&amp;nbsp;Newton卖给他是个“残酷的玩笑”，史蒂夫告诉我，“我有时是挺卑鄙的，但也不至于那么卑鄙吧。我绝对不能再让他如此侮辱自己，侮辱苹果。”因此&amp;nbsp;Newton就这样消亡了，但是&amp;nbsp;Newton团队的很多骨干工程师仍然留在了苹果。\r\n	&lt;/p&gt;\r\n	&lt;p style=&quot;vertical-align:baseline;font-size:16px;color:#727272;text-align:justify;font-family:&amp;quot;background-color:#FAFAFA;&quot;&gt;\r\n		将&amp;nbsp;Mac&amp;nbsp;OS&amp;nbsp;操作系统的使用许可卖给克隆机生产商的合同也就此作废。史蒂夫十分痛恨将自己的操作系统给别人使用，他曾提出条件：&lt;span style=&quot;vertical-align:baseline;font-weight:bolder;&quot;&gt;必须赋予他撕毁协议的权力，否则他就不会接受临时&amp;nbsp;CEO的任命。&lt;/span&gt;\r\n	&lt;/p&gt;\r\n	&lt;p style=&quot;vertical-align:baseline;font-size:16px;color:#727272;text-align:justify;font-family:&amp;quot;background-color:#FAFAFA;&quot;&gt;\r\n		这一决策是史蒂夫在整顿苹果的过程中最昂贵的一步，撕毁协议必然会引来诉讼，为了避免对簿公堂，苹果必须出大价钱让那些克隆生产商安静地消失。克隆生产商中做得最大的一家是Power&amp;nbsp;电脑公司，在可兼容&amp;nbsp;Mac&amp;nbsp;OS操作系统的电脑市场中，份额达到了&amp;nbsp;10%。苹果支付了&amp;nbsp;1.1亿美元现金和股权，收购了这家公司，接手了部分工程师。\r\n	&lt;/p&gt;\r\n	&lt;p style=&quot;vertical-align:baseline;font-size:16px;color:#727272;text-align:justify;font-family:&amp;quot;background-color:#FAFAFA;&quot;&gt;\r\n		&lt;span style=&quot;vertical-align:baseline;font-weight:bolder;&quot;&gt;清理存货的行动也在同时展开。&lt;/span&gt;蒂姆·库克（Tim&amp;nbsp;Cook）1998&amp;nbsp;年&amp;nbsp;3月被苹果从康柏电脑公司挖了过来，担任苹果的首席运营官，库克在康柏被称为“存货界的匈奴王阿提拉”。库克是南方人，身材瘦长结实，热爱运动，喜欢长跑、骑单车，却带着书生气。\r\n	&lt;/p&gt;\r\n	&lt;p style=&quot;vertical-align:baseline;font-size:16px;color:#727272;text-align:justify;font-family:&amp;quot;background-color:#FAFAFA;&quot;&gt;\r\n		虽然库克说话时语气温和、不紧不慢，但却是苹果最强硬的高管。他的工作不会引起公众的注意，却对公司的整顿至关重要。库克到任后的&amp;nbsp;9&amp;nbsp;个月里，卖不掉的麦金塔库存价值从&amp;nbsp;4&amp;nbsp;亿美元降到了&amp;nbsp;7&amp;nbsp;800&amp;nbsp;万美元。史蒂夫急于摆脱过去几年留下的烂摊子，库克采取的行动是最极端的一个案例：1998&amp;nbsp;年年初，成千上万台积压的麦金塔被铲平后进了垃圾场。\r\n	&lt;/p&gt;\r\n	&lt;p style=&quot;vertical-align:baseline;font-size:16px;color:#727272;text-align:justify;font-family:&amp;quot;background-color:#FAFAFA;&quot;&gt;\r\n		1&amp;nbsp;900名员工被裁员，这是安德森主导下的最后一轮裁员，安德森担任&amp;nbsp;CFO后，员工人数从&amp;nbsp;10896&amp;nbsp;人下降到了&amp;nbsp;6658&amp;nbsp;人。史蒂夫告诉我，当上父亲后，裁员时会感到自己于心不忍。“我还是会裁员，”他说，“因为作为&amp;nbsp;CEO不得不这么做。\r\n	&lt;/p&gt;\r\n	&lt;p style=&quot;vertical-align:baseline;font-size:16px;color:#727272;text-align:justify;font-family:&amp;quot;background-color:#FAFAFA;&quot;&gt;\r\n		但当我看着那些被裁掉的员工时，仿佛看到了他们&amp;nbsp;5&amp;nbsp;岁时候的样子，就像我自己的孩子。我还会想象自己回到家，告诉妻子和孩子自己被炒鱿鱼了是什么样的场景。甚至会想到我的孩子在&amp;nbsp;20&amp;nbsp;年后也可能面临同样的被裁命运。以前裁员时不会联想到自己。”\r\n	&lt;/p&gt;\r\n	&lt;p style=&quot;vertical-align:baseline;font-size:16px;color:#727272;text-align:justify;font-family:&amp;quot;background-color:#FAFAFA;&quot;&gt;\r\n		他在变得越来越多愁善感的同时，也变得越来越专注。在史蒂夫推动裁员的过程中，安德森发现了这位临时&amp;nbsp;CEO几位前任的不同点：&lt;span style=&quot;vertical-align:baseline;font-weight:bolder;&quot;&gt;史蒂夫始终把公司的需求放在第一位，无论要付出什么代价。&lt;/span&gt;有时他的举动甚至看上去非常残忍。\r\n	&lt;/p&gt;\r\n	&lt;p style=&quot;vertical-align:baseline;font-size:16px;color:#727272;text-align:justify;font-family:&amp;quot;background-color:#FAFAFA;&quot;&gt;\r\n		1998&amp;nbsp;年，他认为裁掉&amp;nbsp;3&amp;nbsp;600位员工还不够，还要再裁&amp;nbsp;400人。他要求公司的员工必须是最杰出的，就如同皮克斯的员工。“我回到苹果后，惊讶地发现仍然有&amp;nbsp;1/3&amp;nbsp;的员工非常出色，就是那种不惜一切代价都要挖来的员工，”他告诉我，“尽管苹果困难重重，他们还是选择留下，简直是个奇迹，他们是苹果精神的传承者。还有&amp;nbsp;1/3 比较优秀，也就是大部分公司的中坚力量。剩下&amp;nbsp;1/3&amp;nbsp;就比较悲剧了，不知道他们以前表现如何，但是时候让他们走了。不幸的是，最后&amp;nbsp;1/3&amp;nbsp;员工中，有很多人担任管理职位，他们自己能力不行，还要指挥别人一起犯错。”\r\n	&lt;/p&gt;\r\n	&lt;p style=&quot;vertical-align:baseline;font-size:16px;color:#727272;text-align:justify;font-family:&amp;quot;background-color:#FAFAFA;&quot;&gt;\r\n		史蒂夫的决心至关重要：核心团队愿意团结在史蒂夫周围，因为知道他会不惜一切代价拯救公司。史蒂夫全力以赴，工作比任何人都努力。“前&amp;nbsp;6个月困难重重，”他告诉我，“我只能加足马力工作。”\r\n	&lt;/p&gt;\r\n	&lt;p style=&quot;vertical-align:baseline;font-size:16px;color:#727272;text-align:justify;font-family:&amp;quot;background-color:#FAFAFA;&quot;&gt;\r\n		尽管史蒂夫大刀阔斧地改革、裁员，公众依然不确信他是不是领导苹果的合适人选。尽管他宣称不领工资，但他的到来却让苹果付出了很高的代价。 1997&amp;nbsp;年，苹果亏损的&amp;nbsp;8.16&amp;nbsp;亿美元中，有&amp;nbsp;4.5亿美元是用来收购&amp;nbsp;NeXT&amp;nbsp;和&amp;nbsp;Power电脑公司的。苹果花了将近&amp;nbsp;5&amp;nbsp;亿美元买来的两家公司其实际资产价值只有&amp;nbsp;1/5，&amp;nbsp;换句话说，苹果用了&amp;nbsp;5&amp;nbsp;亿美元铺设了史蒂夫的回归之路。\r\n	&lt;/p&gt;\r\n	&lt;p style=&quot;vertical-align:baseline;font-size:16px;color:#727272;text-align:justify;font-family:&amp;quot;background-color:#FAFAFA;&quot;&gt;\r\n		&lt;span style=&quot;vertical-align:baseline;color:#993300;font-size:18px;&quot;&gt;&lt;span style=&quot;vertical-align:baseline;font-weight:bolder;&quot;&gt;简化目标&amp;nbsp;依靠4种产品盈利&lt;/span&gt;&lt;/span&gt;\r\n	&lt;/p&gt;\r\n	&lt;p style=&quot;vertical-align:baseline;font-size:16px;color:#727272;text-align:justify;font-family:&amp;quot;background-color:#FAFAFA;&quot;&gt;\r\n		在史蒂夫回苹果前的几个月，我曾问过他苹果的当务之急是什么，是设计新的操作系统吗？是不是阿瓦·特凡尼安主要负责这项工作？“压根儿就不是，” 他答道，语气中的坚定出乎我的意料，“苹果最需要的是伟大的产品，不一定要使用什么新技术。问题是，我觉得他们根本就不懂如何打造伟大的产品。”他停顿了一下，仿佛意识到这句话说得太绝对了，突然又补充道，“当然，这并不意味着他们没这个能力。”\r\n	&lt;/p&gt;\r\n	&lt;p style=&quot;vertical-align:baseline;font-size:16px;color:#727272;text-align:justify;font-family:&amp;quot;background-color:#FAFAFA;&quot;&gt;\r\n		这一次，史蒂夫没有立刻着手研发新产品，期望用新产品来解决公司的所有问题，而是列出了公司的整体产品规划，这与他之前在&amp;nbsp;NeXT以及第一次在苹果公司时的做法完全不同。在让工程师设计新产品前，他要让工程师了解新产品在苹果公司的整体规划中扮演的角色。他希望每一位员工都能看到清晰的规划，然后劲儿往一处使。他不能再重蹈&amp;nbsp;NeXT&amp;nbsp;的覆辙，制定一些互相矛盾、&amp;nbsp;让人摸不着头脑的战略。\r\n	&lt;/p&gt;\r\n	&lt;p style=&quot;vertical-align:baseline;font-size:16px;color:#727272;text-align:justify;font-family:&amp;quot;background-color:#FAFAFA;&quot;&gt;\r\n		&lt;span style=&quot;vertical-align:baseline;font-weight:bolder;&quot;&gt;关键是要简化苹果的目标&lt;/span&gt;，将整个公司的人才和品牌效应用在几个关键的产品和市场中。想要理解史蒂夫为什么要在&amp;nbsp;1997年大幅削减苹果的产品线，就要理解当时个人电脑市场的整体情况。个人电脑就如同一台万能机，通过编程能将人电脑转化为很多工具，比如文字处理机、超级计算器、电子画架、可搜索的图书馆、存货管理系统、家庭教师等，无论机器的功能是什么，外形是类似的，只是内部使用的软件不同。由于&amp;nbsp;90&amp;nbsp;年代中期局域网和互联网的兴起，软件也呈现出爆发式发展的态势。软件能把你与其他人相连，与其他电脑里的数据库相连，这比仅限于一台电脑数据的应用要强大得多。\r\n	&lt;/p&gt;\r\n	&lt;p style=&quot;vertical-align:baseline;font-size:16px;color:#727272;text-align:justify;font-family:&amp;quot;background-color:#FAFAFA;&quot;&gt;\r\n		&lt;span style=&quot;vertical-align:baseline;font-weight:bolder;&quot;&gt;史蒂夫的目标是只提供&amp;nbsp;4&amp;nbsp;种基本产品，依靠这&amp;nbsp;4&amp;nbsp;种产品盈利&lt;/span&gt;：两种不同型号的台式机，一种为普通人设计，一种为专业人士设计；两种不同型号的笔记本、同样为那两类人。苹果只有&amp;nbsp;4&amp;nbsp;种产品、4 条产品线，不再需要多余的设计、生产或销售团队去引诱客户购买他们根本不需要的附加功能。苹果的工程师和设计师得以全身心地投入到&amp;nbsp;4种产品的软硬件研发中去。\r\n	&lt;/p&gt;\r\n	&lt;p style=&quot;vertical-align:baseline;font-size:16px;color:#727272;text-align:justify;font-family:&amp;quot;background-color:#FAFAFA;&quot;&gt;\r\n		这一关键决定同样充满争议，史蒂夫在这一时期做的很多决定都是如此。有些员工因为自己的项目被砍掉而非常愤怒，被砍掉的项目里包括苹果研发了多年、的确很有价值的技术，但仍然逃不过被砍的命运。有些技术的确给用户带去了切实的便利，但只要与史蒂夫的四象限架构不符，就必须被砍。史蒂夫认为公司只有那么多精力搞好四象限。\r\n	&lt;/p&gt;\r\n	&lt;p style=&quot;vertical-align:baseline;font-size:16px;color:#727272;text-align:justify;font-family:&amp;quot;background-color:#FAFAFA;&quot;&gt;\r\n		核心高管团队赞同&lt;span style=&quot;vertical-align:baseline;font-weight:bolder;&quot;&gt;四象限&lt;/span&gt;的必要性，尽管这意味着要砍掉很多优秀员工的心头肉。渐渐地，整个公司都理解了史蒂夫的良苦用心。四象限战略让苹果走上了与&amp;nbsp;Windows个人电脑生产商截然相反的道路，Windows个人电脑生产商只&amp;nbsp;是一味追求机器的速度和处理能力，大量出产各种类型毫不起眼的电脑，而苹&amp;nbsp;果的四象限战略让公司又回到了最初的样子：推出前沿产品，服务高端个人和&amp;nbsp;专业市场。\r\n	&lt;/p&gt;\r\n	&lt;p style=&quot;vertical-align:baseline;font-size:16px;color:#727272;text-align:justify;font-family:&amp;quot;background-color:#FAFAFA;&quot;&gt;\r\n		&lt;span style=&quot;vertical-align:baseline;font-weight:bolder;&quot;&gt;四象限战略并没有指望用一个一鸣惊人的产品来解决公司的所有问题&lt;/span&gt;。史蒂夫前两次都试图采取这个战略，但这一次，他发现公司目前所需要的并不是一鸣惊人。无论是苹果曾经的、现在的，还是未来的潜在客户，他们首先希望看到的是公司能够生存下去，能够不间断地生产与众不同的产品，并且能够盈利。史蒂夫承认实现这些目标需要好几年时间，只有在这些目标都达成后，才能考虑如何利用新兴技术再一次实现一鸣惊人的突破。\r\n	&lt;/p&gt;\r\n	&lt;p style=&quot;vertical-align:baseline;font-size:16px;color:#727272;text-align:justify;font-family:&amp;quot;background-color:#FAFAFA;&quot;&gt;\r\n		“我们的任务就是拯救苹果，”乔恩·鲁宾斯坦回忆道，“我们刚来的时候， 苹果已经奄奄一息了，&lt;span style=&quot;vertical-align:baseline;font-weight:bolder;&quot;&gt;我们要拯救苹果，因为苹果还值得救，就是那么简单&lt;/span&gt;。”\r\n	&lt;/p&gt;\r\n	&lt;p style=&quot;vertical-align:baseline;font-size:16px;color:#727272;text-align:justify;font-family:&amp;quot;background-color:#FAFAFA;&quot;&gt;\r\n		&lt;span style=&quot;vertical-align:baseline;color:#993300;font-size:18px;&quot;&gt;&lt;span style=&quot;vertical-align:baseline;font-weight:bolder;&quot;&gt;拒绝一切形式主义的东西&lt;/span&gt;&lt;/span&gt;\r\n	&lt;/p&gt;\r\n	&lt;p style=&quot;vertical-align:baseline;font-size:16px;color:#727272;text-align:justify;font-family:&amp;quot;background-color:#FAFAFA;&quot;&gt;\r\n		史蒂夫组建了一个强大、高效的核心高管团队，成员包括安德森、库&amp;nbsp;克、鲁宾斯&amp;nbsp;坦、特凡尼安和来自&amp;nbsp;NeXT、分管销售的米&amp;nbsp;奇·&amp;nbsp;麦丁&amp;nbsp;奇（Mitch&amp;nbsp;Mandich）；负责营销的菲尔·席勒（Phil&amp;nbsp;Schiller）以前是苹果员工，后来跳槽去了&amp;nbsp;Adobe（奥多比公司），这次史蒂夫又把他挖了回来；负责软件的西娜·塔马顿（Sina&amp;nbsp;Tamaddon）以前是&amp;nbsp;NeXT&amp;nbsp;员工，业绩突出。\r\n	&lt;/p&gt;\r\n	&lt;p style=&quot;vertical-align:baseline;font-size:16px;color:#727272;text-align:justify;font-family:&amp;quot;background-color:#FAFAFA;&quot;&gt;\r\n		除了麦丁奇在&amp;nbsp;2000年离职，负责设计的乔尼·艾维（Jony&amp;nbsp;Ive）后来才加入团队，高管团队的其他成员共同合作了很多年，直到&amp;nbsp;2005年前后。考虑到史蒂夫的反复无常，高管团队能合作那么久实属不易。\r\n	&lt;/p&gt;\r\n	&lt;p style=&quot;vertical-align:baseline;font-size:16px;color:#727272;text-align:justify;font-family:&amp;quot;background-color:#FAFAFA;&quot;&gt;\r\n		史蒂夫没有刻意去做那些增强团队凝聚力的事，比如请大家吃饭。“高管团队成员关系很好，”特凡尼安回忆道，“是因为我们自己建立了良好的关系，不是因为史蒂夫。我在的&amp;nbsp;8&amp;nbsp;年里时间里，我们一起去吃饭的次数一只手就能数过来，大部分时候去的是附近的一家印度餐厅。”\r\n	&lt;/p&gt;\r\n	&lt;p style=&quot;vertical-align:baseline;font-size:16px;color:#727272;text-align:justify;font-family:&amp;quot;background-color:#FAFAFA;&quot;&gt;\r\n		史蒂夫很少给团队正式的反馈。“微软垄断案期间，”特凡尼安说，“微软通 过法院传票要调我在苹果的所有个人档案，于是我跟律师乔治·赖利（George&amp;nbsp;Riley）在处理这件事，他说，‘我从人力资源部拿来了你的档案。’他拿出档案， 里面只有一张纸，没什么重要信息。他惊讶地问道，‘阿瓦，你的档案去哪儿了？你的年度考核评价呢？’我告诉他我从来没有年度评价！”\r\n	&lt;/p&gt;\r\n	&lt;p style=&quot;vertical-align:baseline;font-size:16px;color:#727272;text-align:justify;font-family:&amp;quot;background-color:#FAFAFA;&quot;&gt;\r\n		“史蒂夫不相信年度评价，”乔恩·鲁宾斯坦回忆道，“不喜欢一切形式主义的东西，他的感觉是，‘我平时一直在给你们反馈，要年度评价有什么用？’有一次，我找来一位高管培训师，想让他给我的团队做一下考核评价，他的确不错，我想让史蒂夫和他谈谈，但史蒂夫不愿意。史蒂夫问我，‘你要那玩意儿有什么用？浪费时间！’”\r\n	&lt;/p&gt;\r\n	&lt;p style=&quot;vertical-align:baseline;font-size:16px;color:#727272;text-align:justify;font-family:&amp;quot;background-color:#FAFAFA;&quot;&gt;\r\n		史蒂夫不会轻易表扬别人，也不会把想藏在幕后的员工推到聚光灯下，这并不是因为史蒂夫想自己出风头，他已经变了。20多岁刚成名时，他非常渴望聚光灯：与音乐家小野洋子和摇滚乐手米克·贾格尔建立“友谊”，在曼哈顿圣雷莫买套奢华顶层公寓，受到《时代》、《滚石》和《花花公子》杂志的关注，这些都表明他已经彻底摆脱了北加州郊区中产阶级的家庭背景，迈入了上流社会。创立&amp;nbsp;NeXT&amp;nbsp;时，有段时间他曾讨好媒体，试图让媒体助他一臂之力。\r\n	&lt;/p&gt;\r\n	&lt;p style=&quot;vertical-align:baseline;font-size:16px;color:#727272;text-align:justify;font-family:&amp;quot;background-color:#FAFAFA;&quot;&gt;\r\n		但到了&amp;nbsp;90&amp;nbsp;年代中期，史蒂夫对当明星已经没有任何兴趣，&lt;span style=&quot;vertical-align:baseline;font-weight:bolder;&quot;&gt;他需要的是对其工作的认可，而不是名誉本身。&lt;/span&gt;凯蒂·考顿（Katie&amp;nbsp;Cotton）在苹果负责媒体交流事务，史蒂夫定下规矩，他本人只接受几家他比较信任的媒体采访，包括《财富》、《华尔街日报》、《时代》、《新闻周刊》、《商业周刊》和《纽约时报》。每当史蒂夫需 要发布新产品时，他和考顿会从中挑选一家媒体合作。每次都是史蒂夫独自一人接受采访。\r\n	&lt;/p&gt;\r\n	&lt;p style=&quot;vertical-align:baseline;font-size:16px;color:#727272;text-align:justify;font-family:&amp;quot;background-color:#FAFAFA;&quot;&gt;\r\n		我曾经要求过很多次，想和史蒂夫团队的其他成员聊一聊，但都被拒绝了。史蒂夫和我聊过很多次，为什么他不愿意让他的团队成员接受采访。有几次，他声称是因为不想让外界知道苹果有哪些优秀员工，以免人才被其他公司挖走。这个理由显然是假的，在硅谷，有无数双眼睛盯着那些优秀的技术人才，就如同热门股票那样抢手。\r\n	&lt;/p&gt;\r\n	&lt;p style=&quot;vertical-align:baseline;font-size:16px;color:#727272;text-align:justify;font-family:&amp;quot;background-color:#FAFAFA;&quot;&gt;\r\n		事实是，史蒂夫认为在介绍产品和介绍公司方面，没有一个人比得上他。无论在什么环境下，史蒂夫都是一位杰出的表演家，他把大部分采访都看作表演。他拥有出众的即兴思考和演讲能力，总是能抓住每一次机会推销公司。他还十分关注报道的配图、排版和布局，因为他认为良好的视觉效果有助于传递信息。\r\n	&lt;/p&gt;\r\n	&lt;p style=&quot;vertical-align:baseline;font-size:16px;color:#727272;text-align:justify;font-family:&amp;quot;background-color:#FAFAFA;&quot;&gt;\r\n		在史蒂夫的领导下，苹果拥有非常高的品牌识别度。尽管史蒂夫的策略让某些核心团队成员感到不满，但不可否认这一策略的成功。为史蒂夫工作就意味着全盘接受他与众不同的行事方式，有些看似自私的策略其实对公司来说是有益的，有些看似不切实际的策略其实是高瞻远瞩的表现。核心团队成员已经学会了如何预测、应对史蒂夫那些不可预测的行为与想法，他们知道自己的老板是个非常特别的人。\r\n	&lt;/p&gt;\r\n	&lt;p style=&quot;vertical-align:baseline;font-size:16px;color:#727272;text-align:justify;font-family:&amp;quot;background-color:#FAFAFA;&quot;&gt;\r\n		史蒂夫用自己的方式告诉核心团队成员，在他心目中，他们是很棒的。有时，他会邀请其中一人和他一起散步，在公司园区里或在他家附近。“那些散步很重要，”鲁宾斯坦回忆道，“你心里会想，‘史蒂夫就是个摇滚巨星’，能跟他一起散步是无上的荣耀。”史蒂夫对核心团队成员也很大方，给了他们丰厚的股票期权。“他非常善于让优秀人才围绕在自己身边，并且不断激励他们，无论是从物质上还是心理上。心理和物质回报必须比例得当，物质回报不能太低，否则别人会想，‘见鬼去吧，我不干了。’”\r\n	&lt;/p&gt;\r\n	&lt;p style=&quot;vertical-align:baseline;font-size:16px;color:#727272;text-align:justify;font-family:&amp;quot;background-color:#FAFAFA;&quot;&gt;\r\n		史蒂夫也理解，对于和他一样优秀的人才来说，成就感是最好的激励方式。“一开始你就知道这件事要花很长时间才能完成，不可能明天早上醒来一看，所有事情都解决了，”特凡尼安告诉我，“两三年后再回头看，你会感叹，‘天啊，我们真的做到了。’如果你不相信这一点的话，很容易半途而废，因为路途上会遭遇痛苦与挫折，不断有声音在你耳边说这是注定要失败的，这是不可能的， 这是错误的。但你必须要坚持下去，不断努力，不断修正，最终会成功的。”让&amp;nbsp;苹果起死回生就是一项伟大的成就，团队所有成员都为此感到无比自豪。\r\n	&lt;/p&gt;\r\n&lt;/p&gt;'),(23,37,'&lt;p&gt;\r\n	&lt;img src=&quot;/upload/20160911/57d4cae607635.jpg&quot; alt=&quot;&quot; /&gt;\r\n&lt;/p&gt;\r\n&lt;p&gt;\r\n	在经历了2015年的“前热后冷”之后，进入阶段性谷底的体育创业在2016年回温，大量的新玩家涌入这个行业，新的机会慢慢浮现，资本的关注度又在持续走高，很多“新面孔”基金也在扎堆进入。&lt;br /&gt;\r\n&lt;br /&gt;\r\n被政策赶着前进，进入者越来越多&lt;br /&gt;\r\n&lt;br /&gt;\r\n除了国民素质的提升，体育产业似乎也被政策驱使着前进，缝体育必谈的“46号文件”是针绝佳的鸡血，5万亿市场诱惑着众多创业者；&lt;br /&gt;\r\n&lt;br /&gt;\r\n刚过去奥运会仿佛检测体育热情的试金石，有如此高的关注度和数据，创业者们借势之举必不可少：譬如咕咚，紧跟奥运热点的大型电商活动“运动惠”，奥运期间的销售额同比暴增800%；再比如光猪圈健身，请来奥运明星，领跑荧光公益跑。&lt;br /&gt;\r\n&lt;br /&gt;\r\n运动健身产业被美国经济学家保罗·皮尔泽称为继IT产业之后的全球第五波财富，体育健身、医疗保健领域蕴藏无限商机。&lt;br /&gt;\r\n&lt;br /&gt;\r\n我们可以看到，一众退役后扑进创业浪潮的运动员们，比如陈一冰、孙继海、邓亚萍；还能看到巨头早想瓜分体育行业，华人文化、万达体育、乐视体育、阿里体育、腾讯体育等虎视眈眈，以资本的力量在上游布局；更有其他和体育原本没什么关系的创业者头顶一个个点子在寻找机会……&lt;br /&gt;\r\n&lt;br /&gt;\r\n然而，系统地说起来，创业者们都走的什么路数？在不断地试错和迭代后，谁更经得起市场的考验、玩家们目前战况如何了呢？未来发展又会是什么？&lt;br /&gt;\r\n&lt;br /&gt;\r\n说说看你的路数是什么？还想问咋赚钱呢？&lt;br /&gt;\r\n&lt;br /&gt;\r\n美国体育产业这样划分不同方式：&lt;br /&gt;\r\n&lt;br /&gt;\r\n1.IP：赛事、俱乐部以及周边版权、经纪、媒体；&lt;br /&gt;\r\n2.产品：运动装备、鞋服、运动手表、手环等智能硬件，以及运动营养品；&lt;br /&gt;\r\n3.服务：健身、训练、健康管理、运动培训、减肥课程等等。&lt;br /&gt;\r\n&lt;br /&gt;\r\n体育热闹，但不少领域想赚到真金白银，不是短期的事……&lt;br /&gt;\r\n&lt;br /&gt;\r\n线下拿健身房来说，传统连锁健身房一直被诟病，却从未被取代，但我们也看到新型“小而美”健身房开始有了生长之地，比如乐刻、光猪圈健身、超级猩猩……设备和服务都老旧的传统健身房会被淘汰么？新型健身房得以立足么？赚钱还是靠卖会员么？&lt;br /&gt;\r\n&lt;br /&gt;\r\n线上的流量之王跑不出这些具有工具属性的健身App。这些大众健身的线上化平台让你充分利用起“边角余料”的时间，你是否在跟着Keep健身，练着“每日瑜伽”，带着咕咚、动动、悦跑圈在跑步呢？除了当工具，晒肚皮，你还愿意跟着他们的节奏玩什么？&lt;br /&gt;\r\n&lt;br /&gt;\r\n还有不少线上约场地、约队友的产品，是不是有着微信不可取代的意义？&lt;br /&gt;\r\n&lt;br /&gt;\r\n以及倡导“七分食三分练”的健身餐食、各种硬件产品“迷人眼”、业余赛事组织、运动健身康复……&lt;br /&gt;\r\n&lt;br /&gt;\r\n这些项目中，究竟哪些方向有良好的现金流？哪些模式尚未得到验证？&lt;br /&gt;\r\n&lt;/p&gt;'),(24,38,'&lt;p&gt;\r\n	&lt;img src=&quot;http://www.thinkcms.com/upload/20160911/57d4cc893fe50.jpg&quot; alt=&quot;&quot; /&gt;\r\n&lt;/p&gt;\r\n&lt;p&gt;\r\n	9月6日起，发改委、央行联合下发《关于完善银行卡刷卡手续费定价机制的通知》开始实施，比较重要的几项新规定，大致包括借记卡、贷记卡差别计费，取消行业差别费率，贷记卡取消单笔收费封顶等。不过，吃瓜群众最关心的还是，这事儿对大家买买买有啥影响呢？以及，去年为了争地盘，打得水深火热的微信支付和支付宝们，又有什么新变化？&lt;br /&gt;\r\n&lt;br /&gt;\r\n大额消费成本飙升&lt;br /&gt;\r\n&lt;br /&gt;\r\n96费改中，重要的一项新规是取消了原本的行业差别费率，除了优惠行业外，多数行业的信用卡刷卡费率统一在了0.6%左右。&lt;br /&gt;\r\n&lt;br /&gt;\r\n这和费改前比起来，除了民生、公益类行业，其他行业的费率都有一定下调。餐娱行业从1.25%降至0.6%，降幅超过一半；百货类从0.85%降至0.6%，降低30%左右。也就说，如果是日常的小额消费，其实是不用担心的，因为费率反而是降低了。&lt;br /&gt;\r\n&lt;br /&gt;\r\n但是，对买车、买房、奢侈品等大额消费来说，可就不幸福了。一位行业人士说，“简直就是一场噩梦”。&lt;br /&gt;\r\n&lt;br /&gt;\r\n这位人士给我们算了一笔帐。比如，以前刷20万信用卡买车，只需封顶80元的手续费，分成几张卡刷成本也不过两三百。现在取消单笔封顶后，刷20万的成本就是1200，翻了好几倍。&lt;br /&gt;\r\n&lt;br /&gt;\r\n“我知道的情况是，现在4s店已经通知客户，如果要刷信用卡，手续费得自己出。但是消费者肯定也不愿意啊。”&lt;br /&gt;\r\n&lt;br /&gt;\r\n在一位第三方支付人士看来，信用卡单笔不封顶的政策，主要还是出于对风险的控制。但对于大家所认为的“抑制套现”，他并不认同。“只能说套现成本增加了，但该套的人还会继续”。&lt;br /&gt;\r\n&lt;br /&gt;\r\n第三方支付更加惨淡&lt;br /&gt;\r\n&lt;br /&gt;\r\n在谈到第三方支付的处境前，我们先科普一下，在刷卡的费用里，实际的收款方包括三个部分，发卡机构也就是银行，清算机构也就是银联，做收单的机构则包括银行和第三方支付。&lt;br /&gt;\r\n&lt;br /&gt;\r\n对消费者来说，刷卡费用是付给收单机构，然后他们再向银行和银联分别支付发卡行服务费和清算机构网络服务费。而96新规的政策是，“收单服务费实行市场调节价，由收单机构与商户协商确定具体费率”。&lt;br /&gt;\r\n&lt;br /&gt;\r\n但是，所谓“协商确定”，却并不是什么好事情，这意味着竞争要进一步加剧。“打价格战的空间就更小了，可能是时候比服务了。”一位收单机构人士表示。&lt;br /&gt;\r\n&lt;br /&gt;\r\n以借记卡来说，费改后大部分收单机构的费率在0.45％-0.5%之间，扣除0.35%的发卡行服务费和0.0325%的清算机构网络服务费，实际剩余在0.07％-0.12%之间。和费改前相比，收单机构的利润缩水接近50%。&lt;br /&gt;\r\n&lt;br /&gt;\r\n除了收单的利润挤压，第三方支付还面临两个重要的问题：&lt;br /&gt;\r\n&lt;br /&gt;\r\n一是，前期的规模化发展，让不少持牌支付机构留下了“二清”的遗患。易宝支付8月份被央行开出了5000万的巨额罚单，就是因为涉及到二清机构跑路。但二清绝不是易宝一家的问题，在第三方支付前期铺规模的时候，完全没涉及二清的恐怕少之又少。&lt;br /&gt;\r\n&lt;br /&gt;\r\n二是，此前被广泛看好的网贷资金存管业务，也有可能会黄掉。&lt;br /&gt;\r\n&lt;br /&gt;\r\n从监管层的思路来看，要求网贷资金银行存管，几乎是必行的。《21世纪经济报道》称，《网络借贷资金存管业务指引（征求意见稿）》8月初已下发至各银行，明确由银行提供资金存管服务。对于这块大肥肉，第三方支付的竞争力显然不及银行。&lt;br /&gt;\r\n&lt;br /&gt;\r\n不过，不少行业人士倒是保持了乐观态度，“可能没大家想象的那么惨，只是没以前那么滋润了。”&lt;br /&gt;\r\n&lt;br /&gt;\r\n微信支付、支付宝目测也要下调费率&lt;br /&gt;\r\n&lt;br /&gt;\r\n表面上看，96新规没有对网络支付做要求，微信支付和支付宝似乎不受影响。但实际上，线下支付对收单机构来说是一个重叠市场，包括微信支付和支付宝。&lt;br /&gt;\r\n&lt;br /&gt;\r\n从此前的费率对比来看，如果微信支付和支付宝不下调费率，可能会失去商户的热情。在费改之前，微信支付和支付宝的费率都在0.6%左右，相对于当时大多数行业银行卡0.85%至1.25%的手续费，还是很有竞争力的。&lt;br /&gt;\r\n&lt;br /&gt;\r\n但如今借记卡费率调整至0.5%左右，信用卡费率调整至0.6%左右，都和微信支付和支付宝的费率相差无几。对餐饮、娱乐等大额消费较少的商户来说，微信支付和支付宝的竞争力无疑是下降了。&lt;br /&gt;\r\n&lt;br /&gt;\r\n尽管微信支付和支付宝都在宣传自己的会员管理和营销能力，但对商户来说，大约省钱才是最硬的道理。我们联系了微信支付和支付宝的同学，官方暂时未对费率是否变化有正式回应。&lt;br /&gt;\r\n&lt;br /&gt;\r\n不过，我们从第三方获悉，支付宝在几个月前，已经把对多数商户的费率从0.6%，下调到了0.55％。微信支付则没有变化，费率仍然维持在0.6%。双方对商超的费率则和刷卡的0.38％继续持平。&lt;br /&gt;\r\n&lt;br /&gt;\r\n另外，据行业人士的消息称，支付宝对餐饮、丽人等商户的收单，大部分也已经直接并入了口碑。“长期来讲，费率下行是一定的。”一位第三方人士谈到微信支付和支付宝时说。\r\n&lt;/p&gt;\r\n&lt;p&gt;\r\n	&lt;br /&gt;\r\n&lt;/p&gt;'),(25,39,'&lt;p&gt;\r\n	&lt;img src=&quot;/upload/20160911/57d50ea66fcde.jpg&quot; alt=&quot;&quot; /&gt;\r\n&lt;/p&gt;\r\n&lt;p&gt;\r\n	&lt;p style=&quot;color:#333333;font-family:Arial, 微软雅黑, &amp;quot;font-size:16px;background-color:#FFFFFF;&quot;&gt;\r\n		在本周的苹果发布会上，大厅如往年一样再次挤满了人。同往年一样，发布会再次充斥着非常漂亮的照片与视频、绚丽的图表、现场的功能演示、令人意外的嘉宾，以及有关产品性能如何先进的华丽说辞。\r\n	&lt;/p&gt;\r\n	&lt;p style=&quot;color:#333333;font-family:Arial, 微软雅黑, &amp;quot;font-size:16px;background-color:#FFFFFF;&quot;&gt;\r\n		&lt;br /&gt;\r\n	&lt;/p&gt;\r\n	&lt;p style=&quot;color:#333333;font-family:Arial, 微软雅黑, &amp;quot;font-size:16px;background-color:#FFFFFF;&quot;&gt;\r\n		然而，此次发布会上并没有展现有关苹果最重要的产品——iPhone——的新设计。正如我所说，有的只是新iPhone机型——事实上还有两个：外形几乎一模一样的iPhone&amp;nbsp;7和iPhone&amp;nbsp;7&amp;nbsp;Plus。\r\n	&lt;/p&gt;\r\n	&lt;p style=&quot;color:#333333;font-family:Arial, 微软雅黑, &amp;quot;font-size:16px;background-color:#FFFFFF;&quot;&gt;\r\n		&lt;br /&gt;\r\n	&lt;/p&gt;\r\n	&lt;p style=&quot;color:#333333;font-family:Arial, 微软雅黑, &amp;quot;font-size:16px;background-color:#FFFFFF;&quot;&gt;\r\n		这是一件极不寻常的事情，特别是对一家自我标榜为全球科技设计领导者的公司而言。在其两年的发布周期中，今年本应该是iPhone以全新面貌亮相的一年，但事实并非如此。相反，苹果希望用户去购买一款价格高昂的手机，但其采用的却是早在2014年就引入的旧有设计。下一次重大设计革新看来要等到2017年了。\r\n	&lt;/p&gt;\r\n	&lt;p style=&quot;color:#333333;font-family:Arial, 微软雅黑, &amp;quot;font-size:16px;background-color:#FFFFFF;&quot;&gt;\r\n		&lt;br /&gt;\r\n	&lt;/p&gt;\r\n	&lt;p style=&quot;color:#333333;font-family:Arial, 微软雅黑, &amp;quot;font-size:16px;background-color:#FFFFFF;&quot;&gt;\r\n		如今，这两款新iPhone无论在硬件还是软件上都作出了诸多调整。我也对一款本就极为出色的产品上面的新功能改进留下了深刻印象——其中大部分都是积极的改进。新款iPhone的摄像头质量更好了，电池续航时间也更长了，而且还具有防水功能，存储空间翻倍，还有大量新软件功能，等等。实际上，这些都是新产品上该有的东西，尽管价格也水涨船高。一个坏消息是，苹果取消了原来的耳机接口。\r\n	&lt;/p&gt;\r\n	&lt;p style=&quot;color:#333333;font-family:Arial, 微软雅黑, &amp;quot;font-size:16px;background-color:#FFFFFF;&quot;&gt;\r\n		&lt;br /&gt;\r\n	&lt;/p&gt;\r\n	&lt;p class=&quot;text-big-title&quot; style=&quot;font-size:20px;font-weight:700;color:#A41D1D;font-family:Arial, 微软雅黑, &amp;quot;background-color:#FFFFFF;&quot;&gt;\r\n		固步自封的风险\r\n	&lt;/p&gt;\r\n	&lt;p style=&quot;color:#333333;font-family:Arial, 微软雅黑, &amp;quot;font-size:16px;background-color:#FFFFFF;&quot;&gt;\r\n		&lt;br /&gt;\r\n	&lt;/p&gt;\r\n	&lt;p style=&quot;color:#333333;font-family:Arial, 微软雅黑, &amp;quot;font-size:16px;background-color:#FFFFFF;&quot;&gt;\r\n		如果你花649美元买了新iPhone&amp;nbsp;7，你不会再像以前那样获得一种满足感——亲朋好友甚至陌生人羡慕地讨论着新iPhone，甚至要求拿在手里看一看。事实上，除了一些眼尖的熟人，别人甚至不会注意到这是新手机。当然了，你可以告诉他们，耳机插口没有了，除此之外还增加了两种新配色。\r\n	&lt;/p&gt;\r\n	&lt;p style=&quot;color:#333333;font-family:Arial, 微软雅黑, &amp;quot;font-size:16px;background-color:#FFFFFF;&quot;&gt;\r\n		&lt;br /&gt;\r\n	&lt;/p&gt;\r\n	&lt;p style=&quot;color:#333333;font-family:Arial, 微软雅黑, &amp;quot;font-size:16px;background-color:#FFFFFF;&quot;&gt;\r\n		这样一来，苹果势必会冒着iPhone销量下滑的风险（上一季苹果产品销量已经出现下滑），毕竟此举会导致当前一些用户再苦等一年时间，让一些喜欢新品刺激的现有用户转投安卓阵营。\r\n	&lt;/p&gt;\r\n	&lt;p style=&quot;color:#333333;font-family:Arial, 微软雅黑, &amp;quot;font-size:16px;background-color:#FFFFFF;&quot;&gt;\r\n		&lt;br /&gt;\r\n	&lt;/p&gt;\r\n	&lt;p style=&quot;color:#333333;font-family:Arial, 微软雅黑, &amp;quot;font-size:16px;background-color:#FFFFFF;&quot;&gt;\r\n		更为重要的是，苹果的声誉还有可能受到影响——该公司向来以不断推出令人惊艳的新品著称，这也成就了其作为世界上最知名品牌之一的美名。\r\n	&lt;/p&gt;\r\n	&lt;p style=&quot;color:#333333;font-family:Arial, 微软雅黑, &amp;quot;font-size:16px;background-color:#FFFFFF;&quot;&gt;\r\n		&lt;br /&gt;\r\n	&lt;/p&gt;\r\n	&lt;p style=&quot;color:#333333;font-family:Arial, 微软雅黑, &amp;quot;font-size:16px;background-color:#FFFFFF;&quot;&gt;\r\n		下面就举一个苹果形象受损的例子：恶搞网站College&amp;nbsp;Humor在iPhone&amp;nbsp;7发布后不久，便放出了一段极具嘲讽之词的视频，先是拿取消耳机接口的决定开涮，后来又对苹果缺乏新鲜创意冷嘲热讽。该网站指出，除了取消耳机接口，iPhone&amp;nbsp;7的外观设计没有任何变化。他们在视频中还称，在后乔布斯时代，苹果已经是黔驴技穷，不仅找不到任何办法改善产品，反而只会让它们变得越来越糟糕。\r\n	&lt;/p&gt;\r\n	&lt;p style=&quot;color:#333333;font-family:Arial, 微软雅黑, &amp;quot;font-size:16px;background-color:#FFFFFF;&quot;&gt;\r\n		&lt;br /&gt;\r\n	&lt;/p&gt;\r\n	&lt;p class=&quot;text-big-title&quot; style=&quot;font-size:20px;font-weight:700;color:#A41D1D;font-family:Arial, 微软雅黑, &amp;quot;background-color:#FFFFFF;&quot;&gt;\r\n		取消耳机接口惹众怒\r\n	&lt;/p&gt;\r\n	&lt;p style=&quot;color:#333333;font-family:Arial, 微软雅黑, &amp;quot;font-size:16px;background-color:#FFFFFF;&quot;&gt;\r\n		&lt;br /&gt;\r\n	&lt;/p&gt;\r\n	&lt;p style=&quot;color:#333333;font-family:Arial, 微软雅黑, &amp;quot;font-size:16px;background-color:#FFFFFF;&quot;&gt;\r\n		还有两个原因让这种风险进一步复杂化：一个是苹果不可控制的，另一个则是苹果强加自己的。第一个原因是，苹果主要竞争对手——三星在2016年推出了两款外形美观、功能突出的高品质智能手机（当然了，其中一款手机Note&amp;nbsp;7由于电池爆炸问题被大批召回，但它不会消失太长时间。）\r\n	&lt;/p&gt;\r\n	&lt;p style=&quot;color:#333333;font-family:Arial, 微软雅黑, &amp;quot;font-size:16px;background-color:#FFFFFF;&quot;&gt;\r\n		&lt;br /&gt;\r\n	&lt;/p&gt;\r\n	&lt;p style=&quot;color:#333333;font-family:Arial, 微软雅黑, &amp;quot;font-size:16px;background-color:#FFFFFF;&quot;&gt;\r\n		第二个原因则是，苹果取消了每个人都十分熟悉的3.5mm耳机接口，尽管这种接口适合你拥有的每一种耳机产品。为此，该公司开始付出巨大的努力，试图让公众转而使用无线耳机，并提出了一个向有线过渡的方案，而这个方案便包括可插入iPhone&amp;nbsp;Lightning接口的耳机。\r\n	&lt;/p&gt;\r\n	&lt;p style=&quot;color:#333333;font-family:Arial, 微软雅黑, &amp;quot;font-size:16px;background-color:#FFFFFF;&quot;&gt;\r\n		&lt;br /&gt;\r\n	&lt;/p&gt;\r\n	&lt;p style=&quot;color:#333333;font-family:Arial, 微软雅黑, &amp;quot;font-size:16px;background-color:#FFFFFF;&quot;&gt;\r\n		为了轻松实现这种过渡，苹果让其标准的新Lightning耳机看上去与旧耳机几乎完全一样。它甚至推出了9美元的适配器，以便让用户可以继续使用现有耳机。不仅如此，苹果还开发了一种看似相当先进的蓝牙无线耳机，在简短的演示视频中，这款蓝牙无线耳机也给我留下了深刻印象——它将于下个月上市销售，售价159美元。\r\n	&lt;/p&gt;\r\n	&lt;p style=&quot;color:#333333;font-family:Arial, 微软雅黑, &amp;quot;font-size:16px;background-color:#FFFFFF;&quot;&gt;\r\n		&lt;br /&gt;\r\n	&lt;/p&gt;\r\n	&lt;p style=&quot;color:#333333;font-family:Arial, 微软雅黑, &amp;quot;font-size:16px;background-color:#FFFFFF;&quot;&gt;\r\n		即便你觉得从长期来讲，苹果在耳机插口方面的决定是一个好主意，但肯定会增加现有用户为了全新设计而再等一年的风险。原因就是，此举肯定会惹怒许多人，他们有可能会转而购买一款新手机，而新手机的耳机接口与他们所有设备的耳机接口一样，无论是什么类型的设备，无论是由哪个厂商生产。\r\n	&lt;/p&gt;\r\n	&lt;p style=&quot;color:#333333;font-family:Arial, 微软雅黑, &amp;quot;font-size:16px;background-color:#FFFFFF;&quot;&gt;\r\n		&lt;br /&gt;\r\n	&lt;/p&gt;\r\n	&lt;p class=&quot;text-big-title&quot; style=&quot;font-size:20px;font-weight:700;color:#A41D1D;font-family:Arial, 微软雅黑, &amp;quot;background-color:#FFFFFF;&quot;&gt;\r\n		究竟发生了什么？\r\n	&lt;/p&gt;\r\n	&lt;p style=&quot;color:#333333;font-family:Arial, 微软雅黑, &amp;quot;font-size:16px;background-color:#FFFFFF;&quot;&gt;\r\n		&lt;br /&gt;\r\n	&lt;/p&gt;\r\n	&lt;p style=&quot;color:#333333;font-family:Arial, 微软雅黑, &amp;quot;font-size:16px;background-color:#FFFFFF;&quot;&gt;\r\n		苹果管理层坚持认为，他们之所以迟迟不拿出新的设计，既不是自鸣得意，也与反复无常无关。尽管他们都未透露任何细节，但他们表示苹果认为若想开发出一款真正独有的东西，就需要花更长时间。他们还指出，仅仅为了改变而在今年对设计作出调整，显然不是正确的做法，尤其是在iPhone&amp;nbsp;6销量已经创纪录的情况下，而2017年推出的新一代iPhone定会给人“惊艳”的感觉。\r\n	&lt;/p&gt;\r\n	&lt;p style=&quot;color:#333333;font-family:Arial, 微软雅黑, &amp;quot;font-size:16px;background-color:#FFFFFF;&quot;&gt;\r\n		&lt;br /&gt;\r\n	&lt;/p&gt;\r\n	&lt;p style=&quot;color:#333333;font-family:Arial, 微软雅黑, &amp;quot;font-size:16px;background-color:#FFFFFF;&quot;&gt;\r\n		这番话给人的感觉是，他们要么认为对iPhone&amp;nbsp;7的内部改进定会获得成功，要么认为苹果在这个产品周期中可以承受销量适度下滑，或者说两种原因兼而有之。\r\n	&lt;/p&gt;\r\n	&lt;p style=&quot;color:#333333;font-family:Arial, 微软雅黑, &amp;quot;font-size:16px;background-color:#FFFFFF;&quot;&gt;\r\n		&lt;br /&gt;\r\n	&lt;/p&gt;\r\n	&lt;p class=&quot;text-big-title&quot; style=&quot;font-size:20px;font-weight:700;color:#A41D1D;font-family:Arial, 微软雅黑, &amp;quot;background-color:#FFFFFF;&quot;&gt;\r\n		未来的诱惑\r\n	&lt;/p&gt;\r\n	&lt;p style=&quot;color:#333333;font-family:Arial, 微软雅黑, &amp;quot;font-size:16px;background-color:#FFFFFF;&quot;&gt;\r\n		&lt;br /&gt;\r\n	&lt;/p&gt;\r\n	&lt;p style=&quot;color:#333333;font-family:Arial, 微软雅黑, &amp;quot;font-size:16px;background-color:#FFFFFF;&quot;&gt;\r\n		去年3月份，在第一次看到三星2016年新机型后，我曾写了一篇文章，题目为“iPhone&amp;nbsp;7必须要惊艳了”。在这篇文章中，我对2016年发布的新款iPhone充满期待，并且列出了希望它包括的一系列新功能，iPhone&amp;nbsp;7倒也包括了其中一些功能，但很显然，这不是一款“令人惊艳”的新款iPhone，一切都还要等待2017年。\r\n	&lt;/p&gt;\r\n	&lt;p style=&quot;color:#333333;font-family:Arial, 微软雅黑, &amp;quot;font-size:16px;background-color:#FFFFFF;&quot;&gt;\r\n		&lt;br /&gt;\r\n	&lt;/p&gt;\r\n	&lt;p style=&quot;color:#333333;font-family:Arial, 微软雅黑, &amp;quot;font-size:16px;background-color:#FFFFFF;&quot;&gt;\r\n		尽管如此，在简单上手新款iPhone&amp;nbsp;7之后，它们给人留下的第一印象，仍然是相当不错的产品——虽然设计上没有什么变化，但依旧包含了一些颇具价值的新功能。也许，苹果想要向那些iPhone&amp;nbsp;6或iPhone&amp;nbsp;5S用户传递一条消息，即你们今年该升级了。\r\n	&lt;/p&gt;\r\n	&lt;p style=&quot;color:#333333;font-family:Arial, 微软雅黑, &amp;quot;font-size:16px;background-color:#FFFFFF;&quot;&gt;\r\n		&lt;br /&gt;\r\n	&lt;/p&gt;\r\n	&lt;p style=&quot;color:#333333;font-family:Arial, 微软雅黑, &amp;quot;font-size:16px;background-color:#FFFFFF;&quot;&gt;\r\n		这些用户或许会做出升级的选择，尽管他们意识到为了庆祝iPhone发布10周年，苹果极有可能会推出一款真正与众不同的机型。对于两三年前刚买了新手机而且依旧很好用的用户来说，这的确是一件很棘手的事情。\r\n	&lt;/p&gt;\r\n	&lt;p style=&quot;color:#333333;font-family:Arial, 微软雅黑, &amp;quot;font-size:16px;background-color:#FFFFFF;&quot;&gt;\r\n		&lt;br /&gt;\r\n	&lt;/p&gt;\r\n	&lt;p style=&quot;color:#333333;font-family:Arial, 微软雅黑, &amp;quot;font-size:16px;background-color:#FFFFFF;&quot;&gt;\r\n		当苹果营销主管菲尔·席勒（Phil&amp;nbsp;Schiller）将取消常用耳机接口称为一种“很有勇气”的行为时，科技媒体对此都冷嘲热讽。也许，苹果真正有勇气的行为是，由于相信自身营销和工程技术能力——这些是外人看不到的——所以才决定用一个早在2014年推出的iPhone设计迈入2017年。但正如我所说，这一决定将冒着巨大的风险。\r\n	&lt;/p&gt;\r\n&lt;/p&gt;'),(26,40,'&lt;p style=&quot;color:#333333;font-family:Arial, 微软雅黑, &amp;quot;font-size:16px;background-color:#FFFFFF;&quot;&gt;\r\n	&lt;img src=&quot;/upload/20161117/582d5febef4a6.jpg&quot; alt=&quot;&quot; /&gt;\r\n&lt;/p&gt;\r\n&lt;p style=&quot;color:#333333;font-family:Arial, 微软雅黑, &amp;quot;font-size:16px;background-color:#FFFFFF;&quot;&gt;\r\n	今天&lt;span class=&quot;text-remarks&quot; style=&quot;color:#999999;line-height:30px;&quot;&gt;（11月17日）&lt;/span&gt;互联网办公租赁交易服务平台优办宣布完成3000万美元B轮融资，成为资本领投，顺为资本及策源资本创始人冯波个人跟投。此前，优办曾在去年4月获得周亚辉等投资人1700万人民币的天使轮融资；去年7月获得雷军顺为资本、源码资本的1000万美元A轮融资。\r\n&lt;/p&gt;\r\n&lt;p style=&quot;color:#333333;font-family:Arial, 微软雅黑, &amp;quot;font-size:16px;background-color:#FFFFFF;&quot;&gt;\r\n	&lt;br /&gt;\r\n&lt;/p&gt;\r\n&lt;p style=&quot;color:#333333;font-family:Arial, 微软雅黑, &amp;quot;font-size:16px;background-color:#FFFFFF;&quot;&gt;\r\n	优办创始人兼CEO卢阳向虎嗅介绍，这轮融资将用于其商办交易平台的建设，主要包括三个方面：1.建设更全面、真实和及时更新的商办地产、楼盘字典和房源；2.优办线上流量平台的建设，打造更精细的内容；3.更多的经纪人合作&lt;span class=&quot;text-remarks&quot; style=&quot;color:#999999;line-height:30px;&quot;&gt;（不是招人，而是发展更多的经纪人、经纪公司作为伙伴）&lt;/span&gt;。\r\n&lt;/p&gt;\r\n&lt;p style=&quot;color:#333333;font-family:Arial, 微软雅黑, &amp;quot;font-size:16px;background-color:#FFFFFF;&quot;&gt;\r\n	&lt;br /&gt;\r\n&lt;/p&gt;\r\n&lt;p style=&quot;color:#333333;font-family:Arial, 微软雅黑, &amp;quot;font-size:16px;background-color:#FFFFFF;&quot;&gt;\r\n	这种合作形式是什么样的呢？卢阳介绍，他们会跟更多的经纪公司、经纪人成为合伙制：“他们使用我们的平台，他们做他们线下带看交易工作，优办这边提供客户流量支持，提供交易系统支持，提供交易的服务支持，以及整体的运维支持。然后，我们有一个分成的比例。”\r\n&lt;/p&gt;\r\n&lt;p style=&quot;color:#333333;font-family:Arial, 微软雅黑, &amp;quot;font-size:16px;background-color:#FFFFFF;&quot;&gt;\r\n	&lt;br /&gt;\r\n&lt;/p&gt;\r\n&lt;p style=&quot;color:#333333;font-family:Arial, 微软雅黑, &amp;quot;font-size:16px;background-color:#FFFFFF;&quot;&gt;\r\n	目前，优办进驻了北京、上海两个城市，在北京有大概300名经纪人、上海100名，都是自己直营的线下顾问。两个城市中房源总数近30000套，在北京，网上实时更新的房源已经覆盖了可租房源的85%以上，月交易额超过3亿元。\r\n&lt;/p&gt;\r\n&lt;p style=&quot;color:#333333;font-family:Arial, 微软雅黑, &amp;quot;font-size:16px;background-color:#FFFFFF;&quot;&gt;\r\n	&lt;br /&gt;\r\n&lt;/p&gt;\r\n&lt;p class=&quot;text-big-title&quot; style=&quot;font-size:20px;font-weight:700;color:#A41D1D;font-family:Arial, 微软雅黑, &amp;quot;background-color:#FFFFFF;&quot;&gt;\r\n	竞争激烈\r\n&lt;/p&gt;\r\n&lt;p style=&quot;color:#333333;font-family:Arial, 微软雅黑, &amp;quot;font-size:16px;background-color:#FFFFFF;&quot;&gt;\r\n	&lt;br /&gt;\r\n&lt;/p&gt;\r\n&lt;p style=&quot;color:#333333;font-family:Arial, 微软雅黑, &amp;quot;font-size:16px;background-color:#FFFFFF;&quot;&gt;\r\n	而就在两天前，好租网也才宣布完成数亿人民币B轮融资，空间家也是放融资不久，商业地产项目的角逐日渐激烈。卢阳说，优办在6月底签了框架协议，9月初就融到了钱，在几家中是比较早拿到融资的，但没有急于宣布。\r\n&lt;/p&gt;\r\n&lt;p style=&quot;color:#333333;font-family:Arial, 微软雅黑, &amp;quot;font-size:16px;background-color:#FFFFFF;&quot;&gt;\r\n	&lt;br /&gt;\r\n&lt;/p&gt;\r\n&lt;p style=&quot;color:#333333;font-family:Arial, 微软雅黑, &amp;quot;font-size:16px;background-color:#FFFFFF;&quot;&gt;\r\n	源码资本的投资VP孙彤当初投资优办时说，原因之一是看好这个蓝海，当然卢阳本人较硬的背景、履历、资源也为这个项目加分。近来商业地产之间的竞争也越来越激烈，比如好租网是58赶集孵化的项目，有事战略投资方，58赶集的支持给他们带来了不少流量；点点租在尝试多元化，布局海外；而优办相对来说在运营上下了不少功夫。\r\n&lt;/p&gt;\r\n&lt;p style=&quot;color:#333333;font-family:Arial, 微软雅黑, &amp;quot;font-size:16px;background-color:#FFFFFF;&quot;&gt;\r\n	&lt;br /&gt;\r\n&lt;/p&gt;\r\n&lt;p style=&quot;color:#333333;font-family:Arial, 微软雅黑, &amp;quot;font-size:16px;background-color:#FFFFFF;&quot;&gt;\r\n	优办的网站上，信息并非简单的楼盘罗列，而是按照地铁沿线、联合办公空间、月租、短租、创意园区等做精选分类。此外，与都是个人业主的住宅不同，商业地产的业主在北京55%以上都是开发商，优办针对开发商有单独的运营团队，跟大业主开发商直接对接，他们会主动地把一些房源信息给到优办。卢阳说，优办的战略从前相对注重线下，而如今有了重线上轻线下的一个小调整。\r\n&lt;/p&gt;\r\n&lt;p style=&quot;color:#333333;font-family:Arial, 微软雅黑, &amp;quot;font-size:16px;background-color:#FFFFFF;&quot;&gt;\r\n	&lt;br /&gt;\r\n&lt;/p&gt;\r\n&lt;p class=&quot;text-big-title&quot; style=&quot;font-size:20px;font-weight:700;color:#A41D1D;font-family:Arial, 微软雅黑, &amp;quot;background-color:#FFFFFF;&quot;&gt;\r\n	不能有经纪人“依赖性”\r\n&lt;/p&gt;\r\n&lt;p style=&quot;color:#333333;font-family:Arial, 微软雅黑, &amp;quot;font-size:16px;background-color:#FFFFFF;&quot;&gt;\r\n	&lt;br /&gt;\r\n&lt;/p&gt;\r\n&lt;p style=&quot;color:#333333;font-family:Arial, 微软雅黑, &amp;quot;font-size:16px;background-color:#FFFFFF;&quot;&gt;\r\n	在住宅领域做平台，最痛苦的是房源沟通必须要依赖经纪人，而商办领域一半房源是大业主的，剩下的需要经纪人录入、团队实堪，平台更重要的责任是保证这些房源的真实性。\r\n&lt;/p&gt;\r\n&lt;p style=&quot;color:#333333;font-family:Arial, 微软雅黑, &amp;quot;font-size:16px;background-color:#FFFFFF;&quot;&gt;\r\n	&lt;br /&gt;\r\n&lt;/p&gt;\r\n&lt;p style=&quot;color:#333333;font-family:Arial, 微软雅黑, &amp;quot;font-size:16px;background-color:#FFFFFF;&quot;&gt;\r\n	卢阳介绍，优办未来会做成一个综合的办公服务平台，但现在会把主要的精力放在做办公交易、商业地产交易上，不能轻易牵扯到办公服务，“如果你这个市场份额没有做大，现在就花更多的精力去做企业服务，我觉得是本末倒置的。”\r\n&lt;/p&gt;'),(27,41,'&lt;p&gt;\r\n	&lt;img src=&quot;/upload/20161117/582d658d7ebf5.jpg&quot; alt=&quot;&quot; /&gt;\r\n&lt;/p&gt;\r\n&lt;p&gt;\r\n	&lt;p style=&quot;color:#333333;font-family:Arial, 微软雅黑, &amp;quot;font-size:16px;background-color:#FFFFFF;&quot;&gt;\r\n		遇见小面于2014年6月创立于广州，定位于以重庆小面为主的川渝风味面馆。今天遇见小面宣布了A轮融资2500万元，由百福控股投资。而百福控股是联想弘毅基金旗下的一个专项资本，也投资了很多连锁餐饮类的企业。\r\n	&lt;/p&gt;\r\n	&lt;p style=&quot;color:#333333;font-family:Arial, 微软雅黑, &amp;quot;font-size:16px;background-color:#FFFFFF;&quot;&gt;\r\n		&lt;br /&gt;\r\n	&lt;/p&gt;\r\n	&lt;p style=&quot;color:#333333;font-family:Arial, 微软雅黑, &amp;quot;font-size:16px;background-color:#FFFFFF;&quot;&gt;\r\n		目前，遇见小面共有30余款产品，包括12款面加抄手，以及多款小吃、饮品，人均消费在30元左右。此外，遇见小面会在保留20%的明星产品的情况下，根据当季的销售情况和气候情况，进行产品迭代。\r\n	&lt;/p&gt;\r\n	&lt;p style=&quot;color:#333333;font-family:Arial, 微软雅黑, &amp;quot;font-size:16px;background-color:#FFFFFF;&quot;&gt;\r\n		&lt;br /&gt;\r\n	&lt;/p&gt;\r\n	&lt;p style=&quot;color:#333333;font-family:Arial, 微软雅黑, &amp;quot;font-size:16px;background-color:#FFFFFF;&quot;&gt;\r\n		随着舌尖上的中国刚刚让小面火爆，他们尝试开了一家街边的重庆小面店，30平米的规模，单店的月流水在30万左右。宋奇说，一家店一年可能有过百万的利润，这个大大出乎他的预料。\r\n	&lt;/p&gt;\r\n	&lt;p style=&quot;color:#333333;font-family:Arial, 微软雅黑, &amp;quot;font-size:16px;background-color:#FFFFFF;&quot;&gt;\r\n		&lt;br /&gt;\r\n	&lt;/p&gt;\r\n	&lt;p style=&quot;color:#333333;font-family:Arial, 微软雅黑, &amp;quot;font-size:16px;background-color:#FFFFFF;&quot;&gt;\r\n		2008年，华南理工大学本科毕业后，宋奇放弃了保送本校研究生的机会，选择了到香港科技大学攻读硕士。2009年硕士毕业后留在了香港工作，宋奇的第一份工作是连锁店IT系统解决方案方面的工作，“香港餐饮零售业的成熟与繁华让我大开眼界。”之后，宋奇先后在麦当劳、百盛工作，向标准化食品的典范“偷师”。\r\n	&lt;/p&gt;\r\n	&lt;p style=&quot;color:#333333;font-family:Arial, 微软雅黑, &amp;quot;font-size:16px;background-color:#FFFFFF;&quot;&gt;\r\n		&lt;br /&gt;\r\n	&lt;/p&gt;\r\n	&lt;p style=&quot;color:#333333;font-family:Arial, 微软雅黑, &amp;quot;font-size:16px;background-color:#FFFFFF;&quot;&gt;\r\n		2012年，宋奇开始了自己的创业，在选择小面之前做过粤式快餐、东北饺子。他和团队亲自去重庆学习小面的制作，3个月后拿到了第一笔顾东生的天使投资和青骢资本的300万的天使投资。2015年一整年，又开了4家店，把整个连锁的模式运作了起来。2016年初，又获得了餐饮企业“九毛九”的Pre-A轮投资几百万人民币，给遇见小面带来了一些开发选址、连锁经验。截至目前，遇见小面在广州有10家门店。\r\n	&lt;/p&gt;\r\n	&lt;p style=&quot;color:#333333;font-family:Arial, 微软雅黑, &amp;quot;font-size:16px;background-color:#FFFFFF;&quot;&gt;\r\n		&lt;br /&gt;\r\n	&lt;/p&gt;\r\n	&lt;p style=&quot;color:#333333;font-family:Arial, 微软雅黑, &amp;quot;font-size:16px;background-color:#FFFFFF;&quot;&gt;\r\n		据宋奇介绍，在CBD商圈开一家店的前期投入在100万人民币左右，包括转让费、店铺成本、设备等前期投入。现在每个月平均能达到40万的流水。一家店收回100万的投资成本，最快有4个月收回的，平均在8、9个月，宋奇的要求是1年之内能够完成。\r\n	&lt;/p&gt;\r\n	&lt;p style=&quot;color:#333333;font-family:Arial, 微软雅黑, &amp;quot;font-size:16px;background-color:#FFFFFF;&quot;&gt;\r\n		&lt;br /&gt;\r\n	&lt;/p&gt;\r\n	&lt;p class=&quot;text-big-title&quot; style=&quot;font-size:20px;font-weight:700;color:#A41D1D;font-family:Arial, 微软雅黑, &amp;quot;background-color:#FFFFFF;&quot;&gt;\r\n		标准化，连锁餐饮店的关键\r\n	&lt;/p&gt;\r\n	&lt;p style=&quot;color:#333333;font-family:Arial, 微软雅黑, &amp;quot;font-size:16px;background-color:#FFFFFF;&quot;&gt;\r\n		&lt;br /&gt;\r\n	&lt;/p&gt;\r\n	&lt;p style=&quot;color:#333333;font-family:Arial, 微软雅黑, &amp;quot;font-size:16px;background-color:#FFFFFF;&quot;&gt;\r\n		店开多了之后，创始人不可能亲力亲为，最开始建立的标准体系最为重要，采购、产品研发、供应链的匹配、门店的营运、培训、装修、设计、品牌化的推广、融资等。&lt;span style=&quot;font-weight:700;&quot;&gt;宋奇说：“我理解的连锁主要是三方面：店铺、食材、服务的标准化。”&lt;/span&gt;\r\n	&lt;/p&gt;\r\n	&lt;p style=&quot;color:#333333;font-family:Arial, 微软雅黑, &amp;quot;font-size:16px;background-color:#FFFFFF;&quot;&gt;\r\n		&lt;br /&gt;\r\n	&lt;/p&gt;\r\n	&lt;p style=&quot;color:#333333;font-family:Arial, 微软雅黑, &amp;quot;font-size:16px;background-color:#FFFFFF;&quot;&gt;\r\n		食材方面采用的是真功夫的中央厨房。人才的标准化比较难，10家店就有100、200号人的团队，遇见小面团队有7、8个从麦当劳出来的，借用麦当劳人才培训、复制的经验。而快餐市场的选址逻辑还是CBD写字楼，一线、二线商圈，人流密集的地方。\r\n	&lt;/p&gt;\r\n	&lt;p style=&quot;color:#333333;font-family:Arial, 微软雅黑, &amp;quot;font-size:16px;background-color:#FFFFFF;&quot;&gt;\r\n		&lt;br /&gt;\r\n	&lt;/p&gt;\r\n	&lt;p style=&quot;color:#333333;font-family:Arial, 微软雅黑, &amp;quot;font-size:16px;background-color:#FFFFFF;&quot;&gt;\r\n		宋奇的团队采取了精确化、标准化的制作流程，他把厨房当作实验室，通过精确地用料计算，在配料上引入量杯、油温计、天平、量勺、秒表等实验用品，让原本靠厨师经验做出的一碗重庆小面通过计算变得标准化。\r\n	&lt;/p&gt;\r\n	&lt;p style=&quot;color:#333333;font-family:Arial, 微软雅黑, &amp;quot;font-size:16px;background-color:#FFFFFF;&quot;&gt;\r\n		&lt;br /&gt;\r\n	&lt;/p&gt;\r\n	&lt;p style=&quot;color:#333333;font-family:Arial, 微软雅黑, &amp;quot;font-size:16px;background-color:#FFFFFF;&quot;&gt;\r\n		宋奇介绍，目前产品价格平均20元左右，15到27元不等，加上饮料，客单价大致在30元。比较好的店，一个中午有300、400人次的流水。以此估算，一家同等规模的小面店一天又1.5万元的流水，每年预计能形成百万以上的流水。\r\n	&lt;/p&gt;\r\n	&lt;p style=&quot;color:#333333;font-family:Arial, 微软雅黑, &amp;quot;font-size:16px;background-color:#FFFFFF;&quot;&gt;\r\n		&lt;br /&gt;\r\n	&lt;/p&gt;\r\n	&lt;p style=&quot;color:#333333;font-family:Arial, 微软雅黑, &amp;quot;font-size:16px;background-color:#FFFFFF;&quot;&gt;\r\n		当被谈及线下餐饮门店普遍寿命不长，宋奇认为小面和兰州拉面、山西刀削面一样，都是代表地方文化特色的食品。看起来谁都能做，满街都是，但是仍处在有品类没品牌的阶段。宋奇也强调团队专业化、职业化，才能更好理解品牌和体系。“新一辈的人，做出来的餐饮产品，就会很老一辈不一样。靠对产品、对品牌力的塑造来吸引用户，而不是主动的去从广告去转化流量。”宋奇不希望做太多广告，而欣赏星巴克那种锻造品牌的内驱力的品牌建设方式。目前也坚持直营不做加盟，在第一阶段品牌没有完全立足，标准化没有打造的时候，不会开放加盟。\r\n	&lt;/p&gt;\r\n	&lt;p style=&quot;color:#333333;font-family:Arial, 微软雅黑, &amp;quot;font-size:16px;background-color:#FFFFFF;&quot;&gt;\r\n		&lt;br /&gt;\r\n	&lt;/p&gt;\r\n	&lt;p style=&quot;color:#333333;font-family:Arial, 微软雅黑, &amp;quot;font-size:16px;background-color:#FFFFFF;&quot;&gt;\r\n		融资的钱主要用户开店和内部建设，本来目前10家店都赚钱，不需要融资太多，目前有良好的现金流。但是融资能加快店面扩张的速度，从而形成相互呼应的品牌效应。\r\n	&lt;/p&gt;\r\n	&lt;p class=&quot;text-big-title&quot; style=&quot;font-size:20px;font-weight:700;color:#A41D1D;font-family:Arial, 微软雅黑, &amp;quot;background-color:#FFFFFF;&quot;&gt;\r\n		&lt;br /&gt;\r\n	&lt;/p&gt;\r\n	&lt;p style=&quot;color:#333333;font-family:Arial, 微软雅黑, &amp;quot;font-size:16px;background-color:#FFFFFF;&quot;&gt;\r\n		当然，问题还很多，小面店这个生意，有多高的门槛？品牌有什么独特的内涵？企业能创造多大的市值？但不得不说，是个赚钱的生意，标准化仍然是连锁企业的内功。\r\n	&lt;/p&gt;\r\n&lt;/p&gt;'),(28,42,'&lt;p&gt;\r\n	&lt;img src=&quot;/upload/20161117/582d6c917f612.jpg&quot; alt=&quot;&quot; /&gt;\r\n&lt;/p&gt;\r\n&lt;p&gt;\r\n	&lt;p style=&quot;color:#3D464D;font-family:&amp;quot;font-size:15px;background-color:#FFFFFF;&quot;&gt;\r\n		9 月底，谷歌在 arXiv.org 上发表了论文《Google`s Neural Machine Translation System: Bridging the Gap between Human and Machine Translation》，介绍了谷歌的神经机器翻译系统（GNMT），该系统实现了机器翻译领域的重大突破，参见报道《&lt;a href=&quot;http://mp.weixin.qq.com/s?__biz=MzA3MzI4MjgzMw==&amp;amp;mid=2650719470&amp;amp;idx=1&amp;amp;sn=3368dea980517ea7d7942967da2740dc&amp;amp;chksm=871b0090b06c89863620be4e75c757940d03d8a43cd3c1d9a8309b6594c1bccd769cab193177&amp;amp;scene=21#wechat_redirect&quot;&gt;重磅 | 谷歌翻译整合神经网络：机器翻译实现颠覆性突破&lt;/a&gt;》。15日，谷歌再发论文宣布了其在多语言机器翻译上的突破：实现了 zero-shot 翻译！\r\n	&lt;/p&gt;\r\n	&lt;p style=&quot;color:#3D464D;font-family:&amp;quot;font-size:15px;background-color:#FFFFFF;&quot;&gt;\r\n		15日，谷歌在其官方博客上宣布其在谷歌翻译（Google Translate）上再次取得重大进展。这家搜索巨头表示现在已经将神经机器翻译（neural machine translation）集成到了其网页版和移动版的翻译应用之中，这意味着它可以一次性翻译一整段句子，而不只是像之前一样只能一个词一个词地翻译。\r\n	&lt;/p&gt;\r\n	&lt;p style=&quot;color:#3D464D;font-family:&amp;quot;font-size:15px;background-color:#FFFFFF;&quot;&gt;\r\n		谷歌在其产品博客中表示，其产品的翻译结果现在变得更加自然，能够实现更好的句法和语法。\r\n	&lt;/p&gt;\r\n	&lt;p style=&quot;color:#3D464D;font-family:&amp;quot;font-size:15px;background-color:#FFFFFF;&quot;&gt;\r\n		Google Translate 产品负责人 Barak Turovsky 在谷歌旧金山的一次新闻发布会上说：「这一次的进步超过了过去十年积累的总和。」\r\n	&lt;/p&gt;\r\n	&lt;p style=&quot;color:#3D464D;font-family:&amp;quot;font-size:15px;background-color:#FFFFFF;&quot;&gt;\r\n		谷歌已经将自己的未来定义成了一家人工智能和机器学习公司——使用这些技术的计算机无需特定的编程就能自己学习执行任务。谷歌云部门（cloud division）的负责人 Diane Greene 总结说：「谷歌要将机器学习集成到每一种形式中，并将它带给这个世界。」\r\n	&lt;/p&gt;\r\n	&lt;p style=&quot;color:#3D464D;font-family:&amp;quot;font-size:15px;background-color:#FFFFFF;&quot;&gt;\r\n		谷歌在其博客中写道：\r\n	&lt;/p&gt;\r\n	&lt;blockquote style=&quot;font-family:&amp;quot;color:#3D464D;font-size:15px;background-color:#FFFFFF;&quot;&gt;\r\n		&lt;p&gt;\r\n			今天我们宣布将神经机器翻译集成到了总共八种语言的相互翻译中，它们是：英语、法语、德语、西班牙语、葡萄牙语、汉语、日语、韩语和土耳其语。这些语言的母语总人口占到了世界总人口的三分之一，覆盖了谷歌翻译 35% 以上的请求。\r\n		&lt;/p&gt;\r\n		&lt;p&gt;\r\n			通过这一次更新，谷歌翻译一次性提升的性能超过了过去十年进步的总和。但这只是一个开始。尽管我们目前在谷歌搜索、谷歌翻译应用和网站上只有 8 种语言，但我们的目标是将神经机器翻译扩展到所有 103 种语言，并让你能随时随地都能接入到谷歌翻译。\r\n		&lt;/p&gt;\r\n	&lt;/blockquote&gt;\r\n	&lt;p style=&quot;color:#3D464D;font-family:&amp;quot;font-size:15px;background-color:#FFFFFF;&quot;&gt;\r\n		除此之外，谷歌今天还宣布了提供机器学习 API 的公共云服务 Google Cloud Platform，「能让任何人都轻松地使用我们的机器学习技术」。今天，Google Cloud Platform 也使神经机器翻译背后的系统向谷歌的企业用户开放了——谷歌提供了 Cloud Translation API：https://cloud.google.com/translate/\r\n	&lt;/p&gt;\r\n	&lt;ul class=&quot; list-paddingleft-2&quot; style=&quot;color:#3D464D;font-family:&amp;quot;font-size:15px;background-color:#FFFFFF;&quot;&gt;\r\n		&lt;li&gt;\r\n			&lt;p&gt;\r\n				&lt;span style=&quot;font-weight:600;&quot;&gt;论文：谷歌的多语言神经机器翻译系统：实现 zero-shot 翻译（Google\'s Multilingual Neural Machine Translation System: Enabling Zero-Shot Translation）&lt;/span&gt;\r\n			&lt;/p&gt;\r\n		&lt;/li&gt;\r\n	&lt;/ul&gt;\r\n	&lt;p style=&quot;color:#3D464D;font-family:&amp;quot;font-size:15px;background-color:#FFFFFF;&quot;&gt;\r\n		&lt;img alt=&quot;谷歌神经机器翻译再突破：实现高质量多语言翻译和zero-shot翻译&quot; src=&quot;https://pic.36krcnd.com/201611/17051938/ugqmo8a2rp985p8a!1200&quot; data-img-size-val=&quot;609,204&quot; \\=&quot;&quot; style=&quot;box-sizing: border-box; vertical-align: middle; display: block; max-width: 100%; margin: 30px auto; border-radius: 5px;&quot;&gt;\r\n	&lt;/p&gt;\r\n	&lt;p style=&quot;color:#3D464D;font-family:&amp;quot;font-size:15px;background-color:#FFFFFF;&quot;&gt;\r\n		我们提出了一种使用单个神经机器翻译（NMT）模型在多种语言之间进行翻译的简洁优雅的解决方案。我们的解决方案不需要对我们的基础系统的模型架构进行修改，而是在输入句子的一开始引入了一个人工 token 来确定所需的目标语言（required target language）。模型的其它部分（包含了编码器、解码器和注意（attention））保持不变，而且可以在所有语言上共享使用。使用一个共享的词块词汇集（wordpiece vocabulary），我们方法能够使用单个模型实现多语言神经机器翻译（Multilingual NMT），而不需要增加参数，这比之前提出的 Multilingual NMT 方法简单多了。我们的方法往往能提升所有相关语言对的翻译质量，同时还能保持总的模型参数恒定。\r\n	&lt;/p&gt;\r\n	&lt;p style=&quot;color:#3D464D;font-family:&amp;quot;font-size:15px;background-color:#FFFFFF;&quot;&gt;\r\n		在 WMT\' 14 基准上，单个多语言模型在英语→法语翻译上实现了与当前最佳表现媲美的结果，并在英语→德语翻译上实现了超越当前最佳表现的结果。类似地，单个多语言模型分别在 WMT\'14 和 WMT\'15 基准上实现了超越当前最佳表现的法语→英语和德语→英语翻译结果。在用于生产的语料库上，多达 12 个语言对的多语言模型能够实现比许多单独的语言对更好的表现。\r\n	&lt;/p&gt;\r\n	&lt;p style=&quot;color:#3D464D;font-family:&amp;quot;font-size:15px;background-color:#FFFFFF;&quot;&gt;\r\n		除了提升该模型训练所用的语言对的翻译质量之外，我们的模型还能执行在训练过程中没有明确遇见过的语言对之间的特定桥接（bridging），这表明用于神经翻译的迁移学习（transfer learning）和 zero-shot 翻译是可能的。\r\n	&lt;/p&gt;\r\n	&lt;p style=&quot;color:#3D464D;font-family:&amp;quot;font-size:15px;background-color:#FFFFFF;&quot;&gt;\r\n		最后，我们展示了对我们模型中的通用语言间表征（universal interlingua representation）的迹象的分析，还展示了一些将语言进行混合时的有趣案例。\r\n	&lt;/p&gt;\r\n	&lt;p style=&quot;color:#3D464D;font-family:&amp;quot;font-size:15px;background-color:#FFFFFF;&quot;&gt;\r\n		&lt;img alt=&quot;谷歌神经机器翻译再突破：实现高质量多语言翻译和zero-shot翻译&quot; src=&quot;https://pic.36krcnd.com/201611/17051938/xxpz1tmahtla6er6!1200&quot; data-img-size-val=&quot;640,308&quot; \\=&quot;&quot; style=&quot;box-sizing: border-box; vertical-align: middle; display: block; max-width: 100%; margin: 30px auto; border-radius: 5px;&quot;&gt;&lt;br /&gt;\r\n&lt;span style=&quot;color:#999999;&quot;&gt;图 1：该 Multilingual GNMT 系统的模型架构。除了论文《Google\'s neural machine translation system: Bridging the gap between human and machine translation》中描述的，我们的输入还有一个人工 token 来指示所需的目标语言。在这个例子中，token &amp;lt;2es&amp;gt; 表示目标句子是西班牙语的，而其源句子被逆向为一个处理步骤（processing step）。对于我们大部分的实验而言，我们还使用了编码器和解码器之间的直接连接，尽管我们后来发现这些连接的影响是可以忽略不计的（但是一旦你使用这些进行训练，它们也必须为了推理而存在）。该模型架构的其它部分与上述论文中的一样。&lt;/span&gt;\r\n	&lt;/p&gt;\r\n&lt;/p&gt;'),(29,43,'&lt;p&gt;\r\n	&lt;img src=&quot;/upload/20170115/587b8495af715.jpg&quot; alt=&quot;&quot; /&gt;\r\n&lt;/p&gt;\r\n&lt;p&gt;\r\n	&lt;p style=&quot;color:#333333;font-family:Arial, 微软雅黑, &amp;quot;font-size:16px;background-color:#FFFFFF;&quot;&gt;\r\n		我们已经习惯了网上购物，在支付后，到收到产品或接受服务之前，资金一般是存在支付机构的账户。这部分资金就是支付备付金。它的权属还是归用户，并不是支付机构的资金，但这些资金的利息一般归支付机构所有，甚至有些支付机构挪用备付金，引发风险。\r\n	&lt;/p&gt;\r\n	&lt;p style=&quot;color:#333333;font-family:Arial, 微软雅黑, &amp;quot;font-size:16px;background-color:#FFFFFF;&quot;&gt;\r\n		&lt;br /&gt;\r\n	&lt;/p&gt;\r\n	&lt;p style=&quot;color:#333333;font-family:Arial, 微软雅黑, &amp;quot;font-size:16px;background-color:#FFFFFF;&quot;&gt;\r\n		监管部门一直想加强对这部分资金的监管。在今天（&lt;span class=&quot;text-remarks&quot; style=&quot;color:#999999;line-height:30px;&quot;&gt;1月13日&lt;/span&gt;），央行下发通知，要求集中存管支付机构客户备付金。以后支付机构不能自由支配客户的备付金了，支付机构靠将备付金拿来投资获取收入的“吃利差”模式面临终结。\r\n	&lt;/p&gt;\r\n	&lt;p style=&quot;color:#333333;font-family:Arial, 微软雅黑, &amp;quot;font-size:16px;background-color:#FFFFFF;&quot;&gt;\r\n		&amp;nbsp;\r\n	&lt;/p&gt;\r\n	&lt;p class=&quot;text-big-title&quot; style=&quot;font-size:20px;font-weight:700;color:#A41D1D;font-family:Arial, 微软雅黑, &amp;quot;background-color:#FFFFFF;&quot;&gt;\r\n		央行严管支付机构客户备付金\r\n	&lt;/p&gt;\r\n	&lt;p style=&quot;color:#333333;font-family:Arial, 微软雅黑, &amp;quot;font-size:16px;background-color:#FFFFFF;&quot;&gt;\r\n		&amp;nbsp;\r\n	&lt;/p&gt;\r\n	&lt;p style=&quot;color:#333333;font-family:Arial, 微软雅黑, &amp;quot;font-size:16px;background-color:#FFFFFF;&quot;&gt;\r\n		中国人民银行发布了&lt;a href=&quot;http://www.pbc.gov.cn/goutongjiaoliu/113456/113469/3234922/index.html&quot; target=&quot;_blank&quot;&gt;《关于实施支付机构客户备付金集中存管有关事项的通知》&lt;/a&gt;，明确了第三方支付机构在交易过程中，产生的客户备付金，今后将统一交存至指定账户，由央行监管，支付机构不得挪用、占用客户备付金。\r\n	&lt;/p&gt;\r\n	&lt;p style=&quot;color:#333333;font-family:Arial, 微软雅黑, &amp;quot;font-size:16px;background-color:#FFFFFF;&quot;&gt;\r\n		&amp;nbsp;\r\n	&lt;/p&gt;\r\n	&lt;p style=&quot;color:#333333;font-family:Arial, 微软雅黑, &amp;quot;font-size:16px;background-color:#FFFFFF;&quot;&gt;\r\n		通知要求，最终支付机构应将全部客户备付金交存至集中存管账户，但目前设置了缓冲期，首次交存的平均比例为20%左右。各支付机构首次交存的具体比例根据业务类型和分类评级结果综合确定，交存金额根据上一季度客户备付金日均余额计算。人民银行或商业银行不向非银行支付机构备付金账户计付利息。\r\n	&lt;/p&gt;\r\n	&lt;p style=&quot;color:#333333;font-family:Arial, 微软雅黑, &amp;quot;font-size:16px;background-color:#FFFFFF;&quot;&gt;\r\n		&amp;nbsp;\r\n	&lt;/p&gt;\r\n	&lt;p style=&quot;color:#333333;font-family:Arial, 微软雅黑, &amp;quot;font-size:16px;background-color:#FFFFFF;&quot;&gt;\r\n		对于出台规定的原因，&lt;a href=&quot;http://%E4%B8%AD%E5%9B%BD%E4%BA%BA%E6%B0%91%E9%93%B6%E8%A1%8C%E5%8A%9E%E5%85%AC%E5%8E%85%E5%85%B3%E4%BA%8E%E5%AE%9E%E6%96%BD%E6%94%AF%E4%BB%98%E6%9C%BA%E6%9E%84%E5%AE%A2%E6%88%B7%E5%A4%87%E4%BB%98%E9%87%91%E9%9B%86%E4%B8%AD%E5%AD%98%E7%AE%A1%E6%9C%89%E5%85%B3%E4%BA%8B%E9%A1%B9%E7%9A%84%E9%80%9A%E7%9F%A5/&quot; target=&quot;_blank&quot;&gt;央行表示&lt;/a&gt;，267家支付机构吸收客户备付金合计超过4600亿元，规模巨大、存放分散，存在一系列风险隐患：\r\n	&lt;/p&gt;\r\n	&lt;p style=&quot;color:#333333;font-family:Arial, 微软雅黑, &amp;quot;font-size:16px;background-color:#FFFFFF;&quot;&gt;\r\n		&lt;br /&gt;\r\n	&lt;/p&gt;\r\n	&lt;blockquote style=&quot;font-size:16px;background-color:#F5F5F5;color:#333333;font-family:Arial, 微软雅黑, &amp;quot;&quot;&gt;\r\n		&lt;p&gt;\r\n			一是客户备付金存在被支付机构挪用的风险；\r\n		&lt;/p&gt;\r\n		&lt;p&gt;\r\n			&lt;br /&gt;\r\n		&lt;/p&gt;\r\n		&lt;p&gt;\r\n			二是一些支付机构违规占用客户备付金用于购买理财产品或其他高风险投资；\r\n		&lt;/p&gt;\r\n		&lt;p&gt;\r\n			&lt;br /&gt;\r\n		&lt;/p&gt;\r\n		&lt;p&gt;\r\n			三是支付机构通过在各商业银行开立的备付金账户办理跨行资金清算，超范围经营，变相行使央行或清算组织的跨行清算职能。甚至有支付机构借此便利为洗钱等犯罪活动提供通道，也增加了金融风险跨系统传导的隐患；\r\n		&lt;/p&gt;\r\n		&lt;p&gt;\r\n			&lt;br /&gt;\r\n		&lt;/p&gt;\r\n		&lt;p&gt;\r\n			四是客户备付金的分散存放，不利于支付机构统筹资金管理，存在流动性风险；\r\n		&lt;/p&gt;\r\n		&lt;p&gt;\r\n			&lt;br /&gt;\r\n		&lt;/p&gt;\r\n		&lt;p&gt;\r\n			另外，许多支付机构通过扩大客户备付金规模赚取利息收入，偏离了提供支付服务的主业，一定程度上造成支付服务市场的无序和混乱，违背了人民银行许可其开展业务的初衷。\r\n		&lt;/p&gt;\r\n	&lt;/blockquote&gt;\r\n	&lt;p style=&quot;color:#333333;font-family:Arial, 微软雅黑, &amp;quot;font-size:16px;background-color:#FFFFFF;&quot;&gt;\r\n		&amp;nbsp;\r\n	&lt;/p&gt;\r\n	&lt;p style=&quot;color:#333333;font-family:Arial, 微软雅黑, &amp;quot;font-size:16px;background-color:#FFFFFF;&quot;&gt;\r\n		也就是说，一方面，央行想让第三方支付回归小额支付的定位，不要通过沉淀资金进行运用而成为类银行机构或影子银行。一直有观点认为，备付金的产生过程相当于变相揽储，也就成了“影子银行系”的一部分，从而放大整个社会的借贷规模，且央行、银监会无法有效监管、调控。以后，这种状况将逐渐改变，毕竟这些资金支付机构不能拿去投资了，不能在靠吸纳资金放贷获取收益。支付机构要守好管道的定位，不要越位；另一方面，央行也不希望挪用备付金、以及用备付金进行高风险投资等行为再次出现，这会冲击市场秩序，甚至影响社会稳定。\r\n	&lt;/p&gt;\r\n	&lt;p style=&quot;color:#333333;font-family:Arial, 微软雅黑, &amp;quot;font-size:16px;background-color:#FFFFFF;&quot;&gt;\r\n		&lt;br /&gt;\r\n	&lt;/p&gt;\r\n	&lt;p style=&quot;color:#333333;font-family:Arial, 微软雅黑, &amp;quot;font-size:16px;background-color:#FFFFFF;&quot;&gt;\r\n		对于这样的规定，业界开始表态。&lt;a href=&quot;http://finance.ifeng.com/a/20170113/15143123_0.shtml&quot; target=&quot;_blank&quot;&gt;支付宝方面&lt;/a&gt;表示，以第三方支付为代表的互联网金融，是在央行及各级监管部门的关注和支持中蓬勃发展起来的。支付宝坚决拥护本次央行的新规定，这一政策的出台，有利于行业长期、健康、可持续的发展。一个健康发展的行业需要各方的关注和支持，更需要监管。&amp;nbsp;\r\n	&lt;/p&gt;\r\n	&lt;p style=&quot;color:#333333;font-family:Arial, 微软雅黑, &amp;quot;font-size:16px;background-color:#FFFFFF;&quot;&gt;\r\n		&lt;br /&gt;\r\n	&lt;/p&gt;\r\n	&lt;p style=&quot;color:#333333;font-family:Arial, 微软雅黑, &amp;quot;font-size:16px;background-color:#FFFFFF;&quot;&gt;\r\n		&lt;a href=&quot;http://www.ebrun.com/20170113/210984.shtml&quot; target=&quot;_blank&quot;&gt;财付通也表示&lt;/a&gt;，《通知》中要求的支付机构备付金集中存管方案，是人民银行在经过充分市场调研的基础上，出于保护支付机构用户资金安全、维护支付体系稳定运转、对广大人民群众资金安全负责采取的举措。财付通方面称将积极配合、主动落实本次央行发布的新规。\r\n	&lt;/p&gt;\r\n	&lt;p style=&quot;color:#333333;font-family:Arial, 微软雅黑, &amp;quot;font-size:16px;background-color:#FFFFFF;&quot;&gt;\r\n		&lt;br /&gt;\r\n	&lt;/p&gt;\r\n	&lt;p style=&quot;color:#333333;font-family:Arial, 微软雅黑, &amp;quot;font-size:16px;background-color:#FFFFFF;&quot;&gt;\r\n		大机构表态支持，一方面，对于监管部门的政策，谁也没有回旋的余地；另一方面，大机构营收更高，运用支付备付金带来的收益在营收中占比不高，对他们影响不大。\r\n	&lt;/p&gt;\r\n	&lt;p style=&quot;color:#333333;font-family:Arial, 微软雅黑, &amp;quot;font-size:16px;background-color:#FFFFFF;&quot;&gt;\r\n		&lt;br /&gt;\r\n	&lt;/p&gt;\r\n	&lt;p class=&quot;text-big-title&quot; style=&quot;font-size:20px;font-weight:700;color:#A41D1D;font-family:Arial, 微软雅黑, &amp;quot;background-color:#FFFFFF;&quot;&gt;\r\n		影响如何？或加速行业的优胜劣汰\r\n	&lt;/p&gt;\r\n	&lt;p style=&quot;color:#333333;font-family:Arial, 微软雅黑, &amp;quot;font-size:16px;background-color:#FFFFFF;&quot;&gt;\r\n		&amp;nbsp;\r\n	&lt;/p&gt;\r\n	&lt;p style=&quot;color:#333333;font-family:Arial, 微软雅黑, &amp;quot;font-size:16px;background-color:#FFFFFF;&quot;&gt;\r\n		集中存管是否会影响支付机构的流动性？央行认为，据统计，支付机构客户备付金有较大部分（&lt;span class=&quot;text-remarks&quot; style=&quot;color:#999999;line-height:30px;&quot;&gt;2016年第三季度为42%&lt;/span&gt;）以非活期存款形式存放。因此目前实施的交存比例（&lt;span class=&quot;text-remarks&quot; style=&quot;color:#999999;line-height:30px;&quot;&gt;最低12%、最高24%&lt;/span&gt;）不会影响支付机构的流动性安排。\r\n	&lt;/p&gt;\r\n	&lt;p style=&quot;color:#333333;font-family:Arial, 微软雅黑, &amp;quot;font-size:16px;background-color:#FFFFFF;&quot;&gt;\r\n		&amp;nbsp;\r\n	&lt;/p&gt;\r\n	&lt;p style=&quot;color:#333333;font-family:Arial, 微软雅黑, &amp;quot;font-size:16px;background-color:#FFFFFF;&quot;&gt;\r\n		集中存管备付金会是网联开展服务的一个前奏。央行表示，正在指导中国支付清算协会组织建设非银行支付机构网络支付清算平台（&lt;span class=&quot;text-remarks&quot; style=&quot;color:#999999;line-height:30px;&quot;&gt;即网联&lt;/span&gt;），通过该清算平台的支撑，未来支付机构只需开立一个银行账户即可办理客户备付金的所有收付业务。\r\n	&lt;/p&gt;\r\n	&lt;p style=&quot;color:#333333;font-family:Arial, 微软雅黑, &amp;quot;font-size:16px;background-color:#FFFFFF;&quot;&gt;\r\n		&amp;nbsp;\r\n	&lt;/p&gt;\r\n	&lt;p style=&quot;color:#333333;font-family:Arial, 微软雅黑, &amp;quot;font-size:16px;background-color:#FFFFFF;&quot;&gt;\r\n		最大的影响可能在于，支付机构会减少一部分收入。截至2016年第三季度，267家支付机构吸收客户备付金合计超过4600亿元。按照目前0.35%的活期存款利率来计算，行业至少减少利息收入16亿元。如果按照定期存款利率、债券收益率等机会成本来计算，损失会更高一些。这部分收入对于支付宝、财付通、银联商务、快钱等大机构来说可能不算什么，但对于很多小机构而言，影响会大一些，可能会损失一大块收入。\r\n	&lt;/p&gt;\r\n	&lt;p style=&quot;color:#333333;font-family:Arial, 微软雅黑, &amp;quot;font-size:16px;background-color:#FFFFFF;&quot;&gt;\r\n		&lt;br /&gt;\r\n	&lt;/p&gt;\r\n	&lt;p style=&quot;color:#333333;font-family:Arial, 微软雅黑, &amp;quot;font-size:16px;background-color:#FFFFFF;&quot;&gt;\r\n		而且，央行对于不同实力的支付机构采用了差别化对待。评级最高的A类机构备付金比例相对较小，评级较低的E类机构备付金比例最高。央行在通知中表示，2017年4月17日起，支付机构交存客户备付金执行以下比例：\r\n	&lt;/p&gt;\r\n	&lt;p style=&quot;color:#333333;font-family:Arial, 微软雅黑, &amp;quot;font-size:16px;background-color:#FFFFFF;&quot;&gt;\r\n		&lt;br /&gt;\r\n	&lt;/p&gt;\r\n	&lt;blockquote style=&quot;font-size:16px;background-color:#F5F5F5;color:#333333;font-family:Arial, 微软雅黑, &amp;quot;&quot;&gt;\r\n		&lt;p&gt;\r\n			网络支付业务： 12%（A类）、14%（B类）、16%（C类）、 18% （D类）、20%（E类）；\r\n		&lt;/p&gt;\r\n		&lt;p&gt;\r\n			银行卡收单业务：10%（A类）、12%（B类）、14%（C类）、 16% （D类）、18%（E类）；\r\n		&lt;/p&gt;\r\n		&lt;p&gt;\r\n			预付卡发行与受理：16%（A类）、18%（B类）、20%（C类）、 22% （D类）、24%（E类）。\r\n		&lt;/p&gt;\r\n	&lt;/blockquote&gt;\r\n	&lt;p style=&quot;color:#333333;font-family:Arial, 微软雅黑, &amp;quot;font-size:16px;background-color:#FFFFFF;&quot;&gt;\r\n		&lt;br /&gt;\r\n	&lt;/p&gt;\r\n	&lt;p style=&quot;color:#333333;font-family:Arial, 微软雅黑, &amp;quot;font-size:16px;background-color:#FFFFFF;&quot;&gt;\r\n		评级较低的机构风险更高，需要执行更高的备付金比例。因此这样的规定可能加剧行业的优胜劣汰，对行业的集中度提升可能回有一些影响。\r\n	&lt;/p&gt;\r\n	&lt;p style=&quot;color:#333333;font-family:Arial, 微软雅黑, &amp;quot;font-size:16px;background-color:#FFFFFF;&quot;&gt;\r\n		&lt;br /&gt;\r\n	&lt;/p&gt;\r\n	&lt;p style=&quot;color:#333333;font-family:Arial, 微软雅黑, &amp;quot;font-size:16px;background-color:#FFFFFF;&quot;&gt;\r\n		对于用户来说，这是个好消息，在网上支付的资金会更加安全；对于支付机构而言，以后不能再打支付备付金的主意，未来要过好日子，只能是继续扩展场景，扩大交易规模，以获得更大规模的佣金。\r\n	&lt;/p&gt;\r\n&lt;/p&gt;');
/*!40000 ALTER TABLE `article_content` ENABLE KEYS */;
UNLOCK TABLES;

--
-- Table structure for table `menu`
--

DROP TABLE IF EXISTS `menu`;
/*!40101 SET @saved_cs_client     = @@character_set_client */;
/*!40101 SET character_set_client = utf8 */;
CREATE TABLE `menu` (
  `menu_id` smallint(6) unsigned NOT NULL AUTO_INCREMENT,
  `name` varchar(30) NOT NULL COMMENT '菜单名',
  `m` varchar(30) NOT NULL COMMENT '模块',
  `c` varchar(30) NOT NULL COMMENT '控制器',
  `f` varchar(30) NOT NULL COMMENT '操作',
  `list_id` smallint(5) unsigned NOT NULL DEFAULT '0' COMMENT '排序ID',
  `status` tinyint(4) NOT NULL DEFAULT '1' COMMENT '状态',
  `type` tinyint(3) unsigned NOT NULL DEFAULT '0' COMMENT '类型',
  PRIMARY KEY (`menu_id`),
  KEY `list_id` (`list_id`)
) ENGINE=InnoDB AUTO_INCREMENT=48 DEFAULT CHARSET=utf8;
/*!40101 SET character_set_client = @saved_cs_client */;

--
-- Dumping data for table `menu`
--

LOCK TABLES `menu` WRITE;
/*!40000 ALTER TABLE `menu` DISABLE KEYS */;
INSERT INTO `menu` VALUES (1,'菜单管理','Admin','Menu','index',7,1,2),(2,'文章管理','Admin','Content','index',0,-1,2),(3,'体育','Home','Cat','index',3,1,1),(4,'科技','Home','Cat','index',0,0,1),(5,'汽车','Home','Cat','index',0,1,1),(6,'文章管理','Admin','Article','index',5,1,2),(7,'用户管理','Admin','User','index',0,-1,2),(8,'科技','Home','Cat','index',0,1,1),(9,'推荐位管理','Admin','Position','index',4,1,2),(10,'推荐位内容管理','Admin','PositionContent','index',3,1,2),(11,'基本管理','Admin','Basic','index',1,1,2),(12,'新闻','Home','Cat','index',0,1,1),(13,'用户管理','Admin','Admin','index',2,1,2),(45,'test','Test','Test','test',0,-1,2),(46,'test','Admin','Index','index',0,-1,1),(47,'test1','Admin','Index','index',0,-1,2);
/*!40000 ALTER TABLE `menu` ENABLE KEYS */;
UNLOCK TABLES;

--
-- Table structure for table `position`
--

DROP TABLE IF EXISTS `position`;
/*!40101 SET @saved_cs_client     = @@character_set_client */;
/*!40101 SET character_set_client = utf8 */;
CREATE TABLE `position` (
  `pos_id` smallint(5) unsigned NOT NULL AUTO_INCREMENT,
  `pos_name` varchar(30) NOT NULL COMMENT '推荐位名',
  `status` tinyint(4) NOT NULL DEFAULT '1' COMMENT '状态',
  `description` varchar(100) NOT NULL DEFAULT '' COMMENT '推荐位描述',
  `create_time` int(10) unsigned NOT NULL COMMENT '创建时间',
  `update_time` int(10) unsigned NOT NULL DEFAULT '0' COMMENT '更新时间',
  PRIMARY KEY (`pos_id`)
) ENGINE=InnoDB AUTO_INCREMENT=9 DEFAULT CHARSET=utf8;
/*!40101 SET character_set_client = @saved_cs_client */;

--
-- Dumping data for table `position`
--

LOCK TABLES `position` WRITE;
/*!40000 ALTER TABLE `position` DISABLE KEYS */;
INSERT INTO `position` VALUES (1,'首页大图',-1,'展示首页大图的推荐位1',1455634352,0),(2,'首页大图',1,'在首页展示大图',1455634715,1474254480),(3,'小图推荐',1,'小图推荐位',1456665873,0),(4,'首页后侧推荐位',-1,'',1457248469,0),(5,'右侧广告位',1,'右侧广告位',1457873143,1484490296),(6,'test',-1,'test',1474013324,0),(7,'test2',-1,'test2',1474013351,1474018272),(8,'tets',-1,'test',1474013380,1474028083);
/*!40000 ALTER TABLE `position` ENABLE KEYS */;
UNLOCK TABLES;

--
-- Table structure for table `position_content`
--

DROP TABLE IF EXISTS `position_content`;
/*!40101 SET @saved_cs_client     = @@character_set_client */;
/*!40101 SET character_set_client = utf8 */;
CREATE TABLE `position_content` (
  `posc_id` smallint(5) unsigned NOT NULL AUTO_INCREMENT,
  `pos_id` smallint(5) unsigned NOT NULL COMMENT '推荐位ID',
  `title` varchar(50) NOT NULL COMMENT '文章标题',
  `thumb` varchar(100) NOT NULL DEFAULT '',
  `url` varchar(200) DEFAULT '' COMMENT '文章地址',
  `article_id` int(10) unsigned NOT NULL COMMENT '文章ID',
  `list_id` tinyint(3) unsigned NOT NULL DEFAULT '0' COMMENT '排序ID',
  `status` tinyint(4) NOT NULL DEFAULT '1' COMMENT '状态',
  `create_time` int(10) unsigned NOT NULL COMMENT '创建时间',
  `update_time` int(10) unsigned NOT NULL DEFAULT '0' COMMENT '更新时间',
  PRIMARY KEY (`posc_id`)
) ENGINE=InnoDB AUTO_INCREMENT=63 DEFAULT CHARSET=utf8;
/*!40101 SET character_set_client = @saved_cs_client */;

--
-- Dumping data for table `position_content`
--

LOCK TABLES `position_content` WRITE;
/*!40000 ALTER TABLE `position_content` DISABLE KEYS */;
INSERT INTO `position_content` VALUES (23,2,'test','/upload/2016/03/06/56dbdc0c483af.JPG',NULL,17,1,-1,1455756856,0),(24,2,'你好ssss','/upload/2016/03/06/56dbdc015e662.JPG',NULL,18,2,-1,1455756999,0),(25,3,'test','/upload/2016/03/06/56dbdc0c483af.JPG',NULL,17,0,-1,1455756856,0),(26,2,'ss','/upload/2016/03/07/56dcbce02cab9.JPG','http://sina.com.cn',0,0,-1,1457306890,0),(27,2,'文章18测试sss','/upload/2016/03/07/56dcc0158f70e.JPG','',18,0,-1,1457306930,0),(28,2,'习近平今日下午出席解放军代表团全体会议','/upload/2016/03/13/56e519a185c93.png',NULL,21,2,-1,1457854896,0),(29,3,'李克强让部长们当第一新闻发言人','/upload/2016/03/13/56e51b6ac8ce2.jpg',NULL,22,1,0,1457855362,0),(30,3,'重庆美女球迷争芳斗艳','/upload/2016/03/13/56e51cbd34470.png',NULL,23,0,0,1457855680,0),(31,3,'中超-汪嵩世界波制胜 富力客场1-0力擒泰达','/upload/2016/03/13/56e51fc82b13a.png',NULL,24,0,0,1457856460,0),(32,5,'2015劳伦斯国际体坛精彩瞬间','/upload/2016/03/13/56e5612d525c3.png','http://sports.sina.com.cn/laureus/moment2015/',0,0,0,1457873220,0),(33,5,'singwa老师教您如何学PHP','/upload/2016/03/13/56e56211c68e7.jpg','http://t.imooc.com/space/teacher/id/255838',0,0,0,1457873435,0),(34,5,'刷卡费率一调整，微信支付和支付宝们又要下调价格了','/upload/20160911/57d4cc75c2c88.jpg','',38,0,1,1474082149,1484491237),(35,5,'刷卡费率一调整，微信支付和支付宝们又要下调价格了','/upload/20160911/57d4cc75c2c88.jpg',NULL,38,0,-1,1474082223,0),(36,5,'刷卡费率一调整，微信支付和支付宝们又要下调价格了','/upload/20160911/57d4cc75c2c88.jpg',NULL,38,0,-1,1474082268,0),(37,2,'固步自封？了无新意？莫博士说苹果这是要给明年憋大招','/upload/20160911/57d50e89d318a.jpg',NULL,39,0,1,1474118308,0),(38,2,'test','/upload/20160917/57dd4357869ec.png','111',0,0,0,1474118491,0),(39,2,'2','','',20,0,-1,1474118527,0),(40,3,'demo','','',39,0,0,1474118656,0),(41,2,'1','','',38,0,-1,1474122102,0),(42,2,'1','/upload/20160911/57d4cc75c2c88.jpg','',38,0,-1,1474122252,0),(43,2,'11','/upload/20160911/57d4cc75c2c88.jpg','',38,0,0,1474122459,0),(44,3,'11','','',38,0,-1,1474122504,0),(45,2,'test2','/upload/20160918/57ddf3b5cc76c.jpg','',39,1,-1,1474157842,1474163797),(46,2,'刷卡费率一调整，微信支付和支付宝们又要下调价格了','/upload/20160911/57d4cc75c2c88.jpg',NULL,38,0,-1,1474267100,0),(47,2,'分食5万亿体育市场，万达、阿里重金布局，创业公司变现路在哪儿？','/upload/20160911/57d4cadf7dc7c.jpg',NULL,37,0,1,1474267628,0),(48,2,'苹果面临“中年危机”？时间倒回20年前，看乔布斯如何用自己的方式拯救苹果？','/upload/20160911/57d4b797d7556.jpg',NULL,36,0,1,1474267640,0),(49,3,'7.6万辆新能源车骗补近百亿，骗补名单竟涵盖众多现代江淮等知名车企','/upload/20160911/57d4c879b4c54.jpg',NULL,35,0,1,1474273929,0),(50,3,'苹果面临“中年危机”？时间倒回20年前，看乔布斯如何用自己的方式拯救苹果？','/upload/20160911/57d4b797d7556.jpg',NULL,36,0,1,1474273929,0),(51,3,'分食5万亿体育市场，万达、阿里重金布局，创业公司变现路在哪儿？','/upload/20160911/57d4cadf7dc7c.jpg',NULL,37,0,1,1474273937,0),(52,5,'7.6万辆新能源车骗补近百亿，骗补名单竟涵盖众多现代江淮等知名车企','/upload/20160911/57d4c879b4c54.jpg',NULL,35,0,1,1474381093,0),(53,2,'刷卡费率一调整，微信支付和支付宝们又要下调价格了','/upload/20160911/57d4cc75c2c88.jpg',NULL,38,0,1,1474786750,0),(54,2,'固步自封？了无新意？莫博士说苹果这是要给明年憋大招','/upload/20160911/57d50e89d318a.jpg',NULL,39,0,1,1474786750,0),(55,2,'李克强让部长们当第一新闻发言人','/upload/20160923/57e52ff63b55c.jpg',NULL,22,0,0,1474793348,0),(56,2,'重庆美女球迷争芳斗艳','/upload/20160923/57e5300c2cc5b.png',NULL,23,0,0,1474793348,0),(57,2,'优办获3000万美元B轮融资，创始人说还是要先做好办公租赁交易服务','/upload/20161117/582d5fb4c223b.jpg',NULL,40,0,1,1479368724,0),(58,2,'拿了2500万融资的小面店有什么不同？标准化是连锁的内功','/upload/20161117/582d657c7cdf8.jpg',NULL,41,0,1,1479370200,0),(59,2,'谷歌神经机器翻译再突破：实现高质量多语言翻译和zero-shot翻译','/upload/20161117/582d6c19f2a6b.jpg',NULL,42,0,1,1479372011,0),(60,5,'“gogo”将出租车变成了零售商店，消费者会为“移动版711”买单吗？','/upload/20161117/582d6e344651b.jpeg','http://36kr.com/p/5056710.html',0,1,1,1479372360,0),(61,5,' 评论 收藏 IBM发明纳米碳管晶片，三星或成为最大受益者','/upload/20161117/582d6e7eefad1.jpg','https://www.huxiu.com/article/171043.html',0,0,1,1479372425,0),(62,2,'用户沉淀在第三方支付的资金，支付机构不能再自由支配了','/upload/20170115/587b847fd436b.jpg','',43,0,1,1484490093,0);
/*!40000 ALTER TABLE `position_content` ENABLE KEYS */;
UNLOCK TABLES;
/*!40103 SET TIME_ZONE=@OLD_TIME_ZONE */;

/*!40101 SET SQL_MODE=@OLD_SQL_MODE */;
/*!40014 SET FOREIGN_KEY_CHECKS=@OLD_FOREIGN_KEY_CHECKS */;
/*!40014 SET UNIQUE_CHECKS=@OLD_UNIQUE_CHECKS */;
/*!40101 SET CHARACTER_SET_CLIENT=@OLD_CHARACTER_SET_CLIENT */;
/*!40101 SET CHARACTER_SET_RESULTS=@OLD_CHARACTER_SET_RESULTS */;
/*!40101 SET COLLATION_CONNECTION=@OLD_COLLATION_CONNECTION */;
/*!40111 SET SQL_NOTES=@OLD_SQL_NOTES */;

-- Dump completed on 2017-02-09 12:31:10
